ID,highsal,interest,challeng,special,mathsci,knowledg,family,hobbies,gooddeg,varied,mother,father,careers,teacher,nobody,insight,encourag,discoura,whodisc,practica,curricul,pleased,relevanc,competit,Mconfid,Fhelp,deadline,assess,interper,quality,supplect,supppers,groupwk,teachhrs,friends,coursewk,theory,practwk,designwk,variety,placemen,experien,money,educatio,jobprosp,jobdecid,industry,perdevel,unigrade,apptheor,finalyr,indchart,placothe,wkexp,placloca,breaked,finuni,nogain,noappeal,noaccept,noplaoth,carpath,furstudy,studarea,salary,location,workenv,people,travel,benefits,training,promot,equalopp,flexible,childcar,workrole,charship,gender,age,ethnic,religion,school,year,dept,uni
1,2,4,4,5,5,4,4,3,4,4,4,5,5,5,1,0,9,0,9,5,2,4,3,4,2,2,4,4,4,4,4,5,4,4,5,4,4,5,3,4,1,5,4,4,4,4,4,4,2,4,4,3,1,9,9,9,9,9,9,9,9,3,1,5,4,5,4,4,5,2,4,4,2,5,1,1,1,2,5.0,1,2,1,3,3.0,1
2,3,5,5,4,4,2,5,4,5,4,5,5,4,0,0,0,9,1,0,2,3,5,5,5,4,2,4,4,5,3,3,5,4,4,5,4,4,4,4,3,0,9,9,9,9,9,9,9,9,9,9,9,9,5,0,1,5,1,0,0,0,3,1,2,5,4,3,3,3,4,5,5,1,2,0,1,1,1,4.0,1,2,0,3,3.0,1
3,5,4,4,4,4,2,1,4,5,4,3,3,1,1,5,0,9,0,9,4,3,5,2,4,3,3,4,3,0,5,4,5,3,3,4,3,4,2,3,4,0,9,9,9,9,9,9,9,9,9,9,9,9,5,1,3,5,1,1,1,0,5,1,0,5,5,5,4,4,4,4,4,3,3,3,1,3,1,7.0,1,1,1,2,3.0,1
4,1,5,5,2,4,2,4,4,4,3,1,1,1,1,5,0,9,0,9,4,3,5,2,4,2,3,4,4,4,4,4,3,4,4,5,4,4,4,2,4,1,5,1,2,4,3,5,4,4,4,3,4,0,9,9,9,9,9,9,9,9,2,0,9,4,5,4,4,4,2,3,3,3,4,3,1,1,1,3.0,3,7,1,5,3.0,1
5,2,5,4,5,5,3,1,1,5,4,1,1,1,1,5,0,9,0,9,2,4,5,4,4,1,1,2,4,5,4,4,1,3,4,5,3,4,2,4,4,1,5,4,4,5,5,4,2,2,2,1,3,0,9,9,9,9,9,9,9,9,1,1,5,4,5,4,4,3,5,5,4,5,3,1,1,1,1,6.0,1,1,1,4,3.0,1
6,4,5,5,4,5,2,1,4,5,4,3,5,5,4,1,0,9,0,9,3,3,4,3,4,2,2,3,3,5,3,4,3,5,4,4,3,4,3,4,4,1,5,4,4,5,5,5,4,3,3,3,3,0,9,9,9,9,9,9,9,9,1,0,9,4,4,5,5,3,3,3,4,3,4,1,2,1,1,1.0,1,1,1,1,3.0,1
7,3,4,4,3,4,3,2,3,5,5,3,3,3,3,4,0,9,0,9,3,4,4,2,3,4,2,4,4,4,4,4,4,4,3,4,4,4,3,3,4,0,9,9,9,9,9,9,9,9,9,9,9,9,2,2,5,4,2,2,1,0,9,0,9,3,5,5,4,2,2,5,4,3,4,2,3,2,1,3.0,1,2,1,3,3.0,1
8,4,5,4,2,2,2,4,2,5,5,2,4,2,3,2,0,9,0,9,2,4,4,2,2,4,2,4,2,1,4,4,2,2,4,3,4,4,1,1,4,1,4,2,2,5,5,5,4,3,4,2,2,0,9,9,9,9,9,9,9,9,11,0,9,5,3,4,3,5,3,4,5,3,3,3,1,1,1,2.0,1,1,1,2,3.0,1
9,3,5,4,4,4,2,5,3,4,4,5,5,4,3,1,0,9,0,9,3,4,5,4,3,2,2,4,2,4,4,4,4,3,1,4,4,3,3,4,4,1,5,4,2,4,4,5,4,3,5,3,5,0,9,9,9,9,9,9,9,9,1,1,8,4,4,4,4,4,3,4,5,4,4,4,1,1,2,1.0,1,1,1,1,3.0,1
10,3,5,5,5,4,2,4,4,4,5,4,4,3,4,2,1,1,0,9,4,3,5,2,2,3,3,3,4,4,4,4,3,4,4,5,4,4,4,4,5,1,4,3,3,4,4,5,5,4,5,4,4,0,9,9,9,9,9,9,9,9,3,0,9,4,4,5,4,4,3,5,4,4,3,3,2,1,2,1.0,1,1,1,1,3.0,1
11,4,4,4,4,4,4,4,3,3,4,2,4,3,3,1,0,9,0,9,3,3,4,4,3,4,3,3,3,4,4,3,3,4,4,4,4,4,3,3,4,1,4,4,4,4,4,4,4,3,4,4,3,0,9,9,9,9,9,9,9,9,2,0,9,4,5,4,3,3,3,3,4,3,4,2,1,3,1,1.0,1,2,1,1,3.0,1
12,3,4,4,3,5,4,2,1,5,4,3,3,1,3,4,0,9,0,9,2,3,4,3,3,3,2,3,4,4,5,4,3,3,4,5,4,4,4,4,4,1,5,4,4,5,5,5,5,5,3,3,4,0,9,9,9,9,9,9,9,9,3,0,9,4,5,4,4,3,3,4,4,3,3,1,1,2,1,5.0,1,2,2,3,3.0,1
13,2,5,4,4,4,2,3,4,4,4,1,1,1,1,5,0,9,0,9,4,3,4,3,4,2,3,3,4,4,4,4,2,4,4,5,4,4,4,4,4,1,5,4,5,5,5,4,3,3,2,4,4,0,9,9,9,9,9,9,9,9,1,0,9,4,5,5,5,3,3,5,4,3,4,3,2,1,1,4.0,1,1,1,3,3.0,1
14,5,4,3,4,4,5,1,3,4,3,3,3,1,1,5,0,9,0,9,2,3,4,5,3,3,4,3,3,3,2,2,1,4,3,5,4,2,1,4,3,1,5,5,5,5,5,5,3,3,3,3,4,0,9,9,9,9,9,9,9,9,1,0,9,5,5,5,5,3,4,5,5,3,4,3,1,1,1,5.0,1,1,1,4,3.0,1
15,4,4,3,4,5,4,1,5,4,4,3,3,1,1,3,0,9,1,4,4,3,4,2,3,3,2,3,4,4,4,5,5,4,4,5,4,5,5,5,5,1,5,5,2,5,4,4,3,5,5,5,5,1,9,9,9,9,9,9,9,9,3,0,9,5,5,5,5,5,4,5,5,3,3,3,1,1,2,1.0,1,2,2,1,3.0,1
16,3,2,4,5,5,5,1,2,4,2,1,1,4,4,3,0,9,0,9,3,2,4,5,4,3,3,4,3,4,4,5,5,4,3,5,3,2,3,3,2,0,9,9,9,9,9,9,9,9,9,9,9,9,2,2,2,3,2,2,2,0,9,0,9,5,4,4,4,5,4,4,4,3,4,2,2,1,1,6.0,1,1,0,4,3.0,1
17,4,5,4,3,5,4,1,3,5,5,1,1,5,4,1,0,9,0,9,4,5,4,4,4,3,1,4,4,5,5,5,5,5,4,5,4,4,5,5,5,1,5,3,3,5,5,5,3,2,4,4,4,0,9,9,9,9,9,9,9,9,3,0,9,4,5,5,4,5,3,5,5,4,5,5,1,1,1,4.0,1,2,1,2,3.0,1
18,4,4,4,4,4,3,1,5,5,5,1,1,1,1,5,0,9,1,3,4,3,5,5,4,3,3,4,3,4,4,4,3,4,3,5,3,4,4,4,4,1,5,4,4,5,5,5,5,3,3,4,5,2,9,9,9,9,9,9,9,9,9,1,5,5,5,5,5,5,4,4,5,4,5,3,1,1,2,4.0,15,1,0,5,3.0,1
19,3,4,4,4,5,2,2,4,4,4,4,4,3,3,2,1,0,0,9,4,4,5,3,4,5,3,5,4,4,4,4,4,4,4,3,4,4,4,2,4,1,5,4,4,5,3,3,4,4,3,4,2,0,9,9,9,9,9,9,9,9,3,1,6,4,4,4,4,3,4,3,4,2,4,3,1,2,2,6.0,1,1,2,3,3.0,1
20,3,4,3,2,4,5,1,3,5,4,3,3,5,5,1,0,9,2,0,4,5,5,5,2,4,4,5,3,3,4,2,3,3,5,4,4,4,2,3,4,0,9,9,9,9,9,9,9,9,9,9,9,9,3,1,1,5,2,2,1,8,11,1,8,4,2,5,4,5,4,5,5,3,4,2,1,3,2,2.0,1,2,1,2,3.0,1
21,4,4,4,5,5,4,1,3,5,5,4,4,4,4,1,1,1,0,9,4,4,4,5,4,4,2,4,2,3,4,4,2,4,4,4,4,4,2,3,4,1,4,4,4,4,4,4,4,3,4,5,4,0,9,9,9,9,9,9,9,9,9,9,1,4,3,3,4,4,4,4,4,3,4,3,3,2,2,3.0,1,1,1,5,3.0,1
22,4,4,4,4,4,3,2,2,4,4,2,2,2,3,4,0,9,0,9,3,3,4,2,4,3,2,4,3,4,4,4,2,4,3,4,3,4,4,4,4,1,5,5,3,4,4,4,3,3,3,2,3,0,9,9,9,9,9,9,9,9,1,0,9,4,5,5,5,3,2,3,3,4,3,3,1,1,1,2.0,1,1,0,2,3.0,1
23,5,5,4,3,3,4,5,1,5,5,4,4,4,2,2,0,9,0,9,4,4,4,5,5,3,2,5,4,4,4,4,4,4,4,4,4,4,4,4,4,1,5,4,4,2,4,4,4,4,5,5,5,0,9,9,9,9,9,9,9,9,3,2,0,5,5,5,5,4,4,4,5,4,4,4,1,1,1,5.0,1,2,1,3,3.0,1
24,4,5,4,4,4,2,5,3,5,5,4,4,4,4,1,1,1,0,9,4,3,4,2,4,2,2,3,4,4,4,4,4,4,4,4,4,4,4,4,4,1,5,2,2,5,4,4,5,4,5,4,4,0,9,9,9,9,9,9,9,9,2,2,0,4,4,4,4,2,3,4,4,4,3,2,1,1,1,1.0,1,2,1,1,3.0,1
25,4,4,4,3,4,1,4,3,3,2,2,2,2,2,5,0,9,0,9,4,3,5,2,4,3,1,4,4,4,5,5,5,5,3,5,5,5,5,5,5,0,9,9,9,9,9,9,9,9,9,9,9,9,4,3,4,4,2,2,2,0,1,0,9,4,4,5,5,3,3,4,5,5,3,3,1,1,1,3.0,12,2,1,2,3.0,1
26,3,5,4,3,4,2,1,4,4,4,1,1,2,2,4,0,9,1,6,4,4,4,4,3,3,1,4,4,4,4,3,5,2,3,3,4,2,4,4,4,0,9,9,9,9,9,9,9,9,9,9,9,9,5,1,4,5,1,1,1,5,9,0,9,4,5,5,4,2,2,2,4,2,5,2,2,1,1,4.0,1,2,1,2,3.0,1
27,1,4,4,3,4,2,5,2,4,4,4,4,2,2,2,0,9,0,9,3,2,4,5,2,2,2,3,4,4,4,4,5,1,4,4,4,1,4,4,4,1,4,2,1,3,4,4,3,2,2,2,2,0,9,9,9,9,9,9,9,9,1,1,1,4,5,4,3,3,2,5,5,3,4,3,3,1,2,6.0,1,2,1,4,3.0,1
28,3,4,4,3,2,1,5,3,5,5,3,4,2,2,3,0,9,0,9,5,4,4,5,4,2,1,5,4,4,4,4,5,5,5,5,4,4,4,3,4,1,5,2,4,5,5,5,3,3,4,3,5,1,9,9,9,9,9,9,9,9,3,0,9,4,5,5,4,3,5,5,5,3,4,3,1,1,1,5.0,1,2,1,3,3.0,1
29,5,5,5,5,5,5,1,1,5,3,1,4,1,5,3,1,1,0,9,4,3,4,5,5,1,1,4,3,4,4,4,5,4,4,4,3,4,4,4,3,1,4,5,1,4,4,5,3,1,3,3,5,0,9,9,9,9,9,9,9,9,10,1,4,5,5,5,4,1,1,4,3,4,5,5,3,1,2,6.0,1,1,2,4,3.0,1
30,4,5,4,1,3,3,1,2,4,4,3,3,3,3,4,0,9,0,9,2,3,3,4,4,4,2,3,4,4,4,5,5,4,4,5,4,4,3,3,5,0,9,9,9,9,9,9,9,9,9,9,9,9,3,5,4,5,1,1,1,0,1,0,9,4,5,4,3,3,2,4,5,4,4,3,1,3,2,4.0,1,2,1,3,3.0,1
31,3,4,5,4,4,4,5,4,5,4,1,2,3,4,1,1,1,0,9,4,5,4,5,5,3,1,4,4,5,5,3,1,4,4,5,2,4,3,4,4,1,4,3,3,5,5,5,5,3,1,1,4,0,9,9,9,9,9,9,9,9,1,0,9,5,4,4,5,3,4,5,5,5,4,3,1,1,1,2.0,1,2,1,2,3.0,1
32,4,4,5,3,4,2,2,4,4,4,3,3,1,1,3,0,9,0,9,4,2,4,2,4,3,2,4,2,4,4,4,3,4,4,4,4,4,4,4,4,0,9,9,9,9,9,9,9,9,9,9,9,9,4,3,3,4,2,3,3,0,2,1,8,5,4,4,3,3,4,5,0,4,4,3,1,1,1,7.0,1,1,1,3,3.0,1
33,4,5,5,4,4,3,3,3,5,5,3,3,3,2,4,1,0,1,4,3,0,4,5,3,3,2,3,4,3,4,4,4,4,4,3,4,4,2,3,3,1,5,4,3,5,4,5,4,4,3,3,3,0,9,9,9,9,9,9,9,9,3,0,9,5,5,5,5,3,3,5,5,4,3,3,1,1,2,4.0,1,2,1,3,3.0,1
34,3,4,5,5,5,4,1,4,5,5,4,4,5,5,1,0,9,0,9,2,3,5,2,4,3,3,5,4,5,4,3,2,3,5,5,3,4,3,4,5,0,9,9,9,9,9,9,9,9,9,9,9,9,4,3,3,5,4,3,3,0,10,0,9,5,5,5,5,1,1,1,4,5,3,4,2,2,2,4.0,1,2,1,3,1.0,1
35,2,4,3,4,4,2,4,4,4,4,2,2,2,2,4,0,9,0,9,3,3,4,3,3,3,3,4,3,2,4,4,4,2,4,3,3,3,2,3,3,1,4,3,3,4,4,4,4,2,2,2,3,0,9,9,9,9,9,9,9,9,2,0,9,4,5,3,4,2,4,4,4,3,4,2,1,0,1,6.0,1,1,2,3,6.0,1
36,2,4,4,3,4,4,3,5,4,3,3,3,3,3,2,0,9,0,9,2,3,4,3,3,3,3,3,2,4,4,3,3,4,3,4,3,4,2,2,4,1,4,3,2,5,3,4,3,2,4,3,3,0,9,9,9,9,9,9,9,9,2,0,9,4,4,4,3,3,3,4,4,4,3,3,2,1,1,7.0,3,1,1,3,4.0,1
37,3,4,4,3,3,4,4,4,4,4,3,3,3,3,3,1,1,0,9,1,4,3,5,4,3,3,4,2,4,3,2,1,3,3,3,2,2,2,1,3,0,9,9,9,9,9,9,9,9,9,9,9,9,2,4,3,5,4,4,4,0,1,0,9,4,4,4,4,5,4,4,4,2,4,2,2,1,1,3.0,1,1,1,3,4.0,1
38,3,5,5,5,5,4,2,4,5,5,3,3,3,3,3,0,9,0,9,2,3,5,2,4,4,2,2,4,5,5,5,2,3,5,5,5,5,4,4,5,1,5,2,2,5,5,4,4,2,4,2,5,0,9,9,9,9,9,9,9,9,1,1,2,5,5,5,5,2,3,5,5,2,5,3,1,1,0,5.0,1,2,1,3,6.0,1
39,2,4,4,3,2,3,2,3,4,4,3,3,3,3,3,0,9,0,9,2,3,4,4,3,3,2,3,4,4,4,4,4,4,4,5,4,3,4,2,3,1,5,3,4,4,4,4,4,3,5,4,4,0,9,9,9,9,9,9,9,9,1,0,9,4,4,4,4,5,4,4,4,3,4,3,1,1,1,5.0,1,2,2,3,5.0,1
40,3,4,4,3,4,2,2,4,4,4,3,3,3,3,3,0,9,0,9,3,3,4,2,3,3,3,3,3,3,4,4,4,4,3,4,3,3,2,3,4,1,4,4,4,4,4,4,4,4,4,4,4,0,9,9,9,9,9,9,9,9,9,0,9,3,3,4,4,3,3,4,4,4,3,3,3,1,1,1.0,1,2,1,1,1.0,1
41,4,4,5,5,5,2,2,5,4,4,3,3,3,3,1,0,9,0,9,3,3,4,3,4,3,3,5,4,3,4,3,2,3,3,5,4,4,4,4,4,1,5,4,3,4,4,4,4,4,4,3,3,0,9,9,9,9,9,9,9,9,9,0,9,4,4,4,4,3,3,4,4,1,4,1,3,1,1,4.0,1,1,0,5,2.0,1
42,2,5,5,4,4,3,5,4,5,3,3,4,2,3,2,0,9,1,5,4,4,5,3,4,4,1,4,1,2,4,5,3,5,4,4,3,2,2,4,5,0,9,9,9,9,9,9,9,9,9,9,9,9,3,3,4,4,2,3,3,2,1,0,9,3,3,4,5,4,5,5,5,5,3,1,2,2,1,4.0,1,2,1,4,1.0,1
43,3,5,5,4,5,1,2,5,5,5,4,4,5,3,3,1,1,0,9,4,3,5,2,4,2,2,4,2,5,3,4,1,4,4,5,3,4,4,4,4,1,4,2,5,4,3,4,4,4,4,5,5,0,9,9,9,9,9,9,9,9,2,0,9,4,4,4,4,2,3,5,5,2,4,2,1,1,1,5.0,1,1,1,3,6.0,1
44,2,4,4,3,4,2,2,4,4,3,4,4,2,2,1,0,9,0,9,2,2,3,4,4,2,2,4,3,4,4,4,3,2,4,4,4,3,2,2,4,1,4,4,4,2,2,2,4,2,2,2,2,0,9,9,9,9,9,9,9,9,3,2,0,4,4,5,4,5,2,3,4,3,5,2,2,2,1,4.0,3,2,1,3,4.0,1
45,3,4,4,5,5,2,1,3,4,4,1,1,1,1,5,1,1,0,9,2,5,4,1,2,1,1,2,3,4,4,3,5,3,5,4,3,4,3,5,5,1,4,3,3,4,4,4,3,2,4,3,4,0,9,9,9,9,9,9,9,9,9,0,9,4,2,4,3,3,4,4,4,3,4,2,1,1,1,1.0,1,1,1,1,6.0,1
46,4,4,4,4,4,4,2,4,4,3,4,4,4,4,2,0,9,0,9,4,3,4,2,4,3,3,3,4,2,4,4,4,3,4,4,5,4,4,4,4,1,5,4,4,4,4,4,4,4,4,4,0,0,9,9,9,9,9,9,9,9,2,0,9,4,4,4,4,3,3,3,4,5,4,2,2,2,0,3.0,10,3,1,2,1.0,1
47,4,4,4,4,3,4,2,3,4,4,3,3,3,3,4,1,1,0,9,4,4,4,4,4,3,3,4,4,4,4,4,3,4,4,4,4,4,4,4,4,0,9,9,9,9,9,9,9,9,9,9,9,9,4,4,4,4,4,4,2,0,4,1,3,4,3,5,4,4,0,5,4,4,5,4,1,2,1,7.0,15,7,1,3,4.0,1
48,4,5,4,4,4,2,4,5,5,4,2,2,2,2,4,0,9,0,9,3,4,4,5,4,3,3,4,3,3,4,4,3,3,4,4,3,3,3,3,3,0,9,9,9,9,9,9,9,9,9,9,9,9,3,3,0,4,3,3,3,0,2,0,9,4,5,5,5,3,3,4,3,3,4,4,2,1,1,1.0,1,2,1,1,1.0,1
49,1,5,5,4,5,3,1,2,5,4,1,1,1,1,5,0,9,1,3,2,3,4,3,4,3,3,5,2,1,2,2,3,3,4,2,4,4,2,2,3,1,5,2,4,5,5,5,5,2,5,5,3,0,9,9,9,9,9,9,9,9,2,0,9,3,4,4,4,4,1,5,5,5,5,1,3,1,1,5.0,0,0,1,3,1.0,1
50,2,4,4,4,5,4,2,2,4,4,2,2,2,4,1,0,9,0,9,2,3,4,5,3,4,2,4,3,4,4,4,1,2,3,4,2,3,2,1,3,1,4,2,4,4,4,4,4,3,4,3,2,0,9,9,9,9,9,9,9,9,2,0,9,4,4,4,5,3,3,4,5,2,3,1,2,2,1,0.0,1,1,0,3,6.0,1
51,2,5,4,4,5,3,1,1,4,5,4,4,2,4,1,0,9,1,7,4,5,4,4,5,5,1,5,2,4,4,2,1,3,4,5,2,4,1,4,5,1,5,1,4,5,5,5,5,4,2,4,3,0,9,9,9,9,9,9,9,9,2,0,9,4,4,4,4,3,3,4,5,3,3,2,1,3,2,4.0,1,1,1,3,7.0,1
52,3,4,4,4,4,2,2,3,4,3,2,2,2,2,4,0,9,0,9,4,3,4,3,4,4,3,3,3,4,4,4,4,4,4,4,4,4,4,4,4,1,4,2,2,5,3,4,4,4,4,4,5,0,9,9,9,9,9,9,9,9,2,1,0,4,3,4,4,4,3,5,5,4,3,2,1,1,1,1.0,1,1,1,1,1.0,1
53,4,4,4,3,4,3,4,3,4,4,2,4,4,3,3,0,9,0,9,4,4,4,4,4,4,4,4,4,4,3,3,3,4,4,5,4,3,1,1,3,0,9,9,9,9,9,9,9,9,9,9,9,9,4,3,2,2,1,3,1,0,2,1,0,5,5,5,5,4,4,4,5,4,5,5,1,1,1,1.0,1,2,1,1,3.0,1
54,2,5,4,2,2,4,1,5,4,4,4,4,4,4,1,0,9,0,9,2,4,5,2,5,3,2,4,4,4,4,4,3,4,4,5,2,4,4,4,2,1,4,2,4,5,5,5,4,4,4,4,1,0,9,9,9,9,9,9,9,9,1,0,9,3,3,5,5,4,3,4,4,5,4,3,3,2,1,5.0,1,2,1,3,7.0,1
55,2,5,4,4,5,4,1,4,5,3,1,3,3,4,3,0,9,0,9,4,3,5,5,4,1,3,3,2,5,4,4,1,5,4,5,4,2,4,2,4,1,4,4,3,5,5,5,3,2,4,4,3,0,9,9,9,9,9,9,9,9,1,2,0,4,5,5,4,4,4,4,5,2,5,2,2,1,1,5.0,1,1,2,4,4.0,1
56,4,4,5,4,5,2,3,5,5,4,3,4,3,4,2,0,9,0,9,4,2,4,2,4,2,2,4,4,5,4,4,3,4,4,4,4,4,4,4,4,1,4,3,4,4,4,4,4,3,4,3,4,0,9,9,9,9,9,9,9,9,2,0,9,4,4,5,4,3,3,4,5,4,4,3,3,1,1,5.0,1,2,1,4,4.0,1
57,2,4,4,3,5,3,5,4,5,3,3,4,2,0,2,0,9,0,9,2,2,5,4,4,2,3,4,3,4,4,4,4,3,3,5,3,3,2,3,4,1,5,1,4,5,4,4,5,5,4,3,3,0,9,9,9,9,9,9,9,9,6,0,9,4,5,4,4,4,4,5,4,4,4,3,2,1,1,4.0,1,2,1,3,1.0,1
58,2,4,4,3,4,3,4,5,4,4,3,3,3,4,3,0,9,1,6,4,3,4,3,4,3,3,4,4,5,4,4,3,5,4,4,4,4,4,3,5,1,4,2,2,5,5,4,4,3,4,3,4,0,9,9,9,9,9,9,9,9,2,2,0,4,4,4,4,3,3,5,4,4,4,4,2,2,1,5.0,1,2,1,3,6.0,1
59,2,4,4,3,4,1,1,5,4,3,4,4,4,4,0,0,9,0,9,1,3,4,4,3,3,3,5,2,3,4,4,3,5,2,5,3,3,1,1,3,0,9,9,9,9,9,9,9,9,9,9,9,9,2,5,2,2,1,2,4,0,2,1,5,3,4,4,3,2,2,4,4,2,4,3,2,1,1,3.0,1,2,1,3,6.0,1
60,4,5,4,5,5,2,3,4,5,5,3,3,3,3,2,1,1,0,9,4,4,4,3,4,3,3,3,3,4,4,4,5,4,4,5,3,3,4,4,4,1,5,4,4,5,4,4,5,4,4,3,5,0,9,9,9,9,9,9,9,9,9,1,1,4,5,5,5,3,3,5,4,4,4,4,1,1,1,2.0,1,2,1,1,6.0,1
61,4,4,5,5,4,2,4,4,4,3,1,4,3,1,3,0,9,0,9,4,3,4,3,4,3,3,4,4,1,4,3,3,4,2,3,2,4,4,4,4,1,5,5,5,5,5,5,5,5,5,5,5,0,9,9,9,9,9,9,9,9,2,0,9,5,3,4,4,3,2,4,5,3,4,3,1,1,1,3.0,1,2,1,5,2.0,1
62,2,5,4,5,5,5,3,2,5,4,3,4,3,4,1,1,1,0,9,2,2,4,5,4,2,2,3,3,4,4,4,1,3,4,3,2,2,4,4,5,1,5,3,3,5,5,5,4,4,4,2,3,0,9,9,9,9,9,9,9,9,10,1,0,4,4,4,5,1,3,5,0,1,4,3,1,2,1,5.0,1,2,2,4,4.0,1
63,4,4,4,5,5,4,3,4,5,4,2,4,3,4,2,1,1,0,9,4,2,4,4,3,3,2,4,4,4,4,4,5,4,4,4,3,4,4,4,4,0,9,9,9,9,9,9,9,9,9,9,9,9,4,2,2,2,1,2,2,3,3,0,9,4,5,4,5,3,3,4,5,3,4,3,1,1,1,4.0,1,1,1,3,6.0,1
64,4,4,3,5,5,4,1,3,5,5,3,4,2,4,1,0,9,0,9,4,5,4,2,2,2,2,3,3,4,4,4,5,4,3,4,3,4,4,4,4,1,5,4,4,5,4,3,2,2,2,2,5,0,9,9,9,9,9,9,9,9,9,0,9,5,4,3,2,1,1,3,5,3,4,4,1,0,1,1.0,4,2,1,1,6.0,1
65,3,3,4,3,2,4,5,3,4,2,2,3,1,1,5,0,9,1,5,2,2,4,2,4,5,2,5,2,2,5,5,4,2,4,4,2,3,3,3,4,0,9,9,9,9,9,9,9,9,9,9,9,9,4,2,2,5,3,2,2,0,10,0,9,4,5,5,5,3,2,4,4,4,5,2,1,1,2,6.0,1,2,2,4,5.0,1
66,2,4,4,3,4,1,4,4,4,3,3,4,3,3,3,1,9,1,0,5,3,3,5,4,4,3,4,3,3,4,4,3,4,3,3,4,4,4,3,4,1,5,3,5,4,3,4,4,3,2,3,4,0,9,9,9,9,9,9,9,9,1,0,9,3,4,4,3,4,3,3,4,2,3,2,1,2,1,4.0,1,2,1,3,6.0,1
67,4,5,5,4,5,2,5,5,4,3,5,5,4,4,1,0,9,0,9,2,4,4,1,4,3,3,3,4,4,4,2,4,4,3,4,4,4,2,4,4,1,5,4,3,5,5,5,4,4,4,4,4,0,9,9,9,9,9,9,9,9,9,2,0,4,4,4,4,2,3,3,4,3,3,3,1,1,0,1.0,1,1,0,1,6.0,1
68,3,5,5,5,5,2,4,2,3,4,2,3,4,4,1,1,1,0,9,4,3,5,4,4,2,1,3,3,4,3,4,4,4,4,5,4,3,3,3,4,1,5,3,2,5,5,5,5,3,4,3,3,0,9,9,9,9,9,9,9,9,9,0,9,4,4,4,5,3,3,4,4,4,3,3,2,1,2,2.0,1,2,1,2,4.0,1
69,2,5,5,4,4,2,5,4,2,4,3,3,3,3,2,0,9,0,9,3,3,5,2,4,3,3,3,4,4,4,4,4,3,4,4,4,4,4,3,4,1,4,3,3,4,4,4,4,4,4,4,4,0,9,9,9,9,9,9,9,9,1,1,0,5,4,5,5,5,3,5,5,5,5,3,3,1,1,8.0,13,2,1,2,4.0,1
70,1,5,3,2,2,4,2,5,4,4,2,2,3,4,2,0,9,0,9,4,3,3,2,5,3,3,3,4,4,4,4,3,4,4,4,4,3,4,4,4,1,5,3,4,4,5,3,3,4,3,3,2,0,3,5,3,3,2,3,4,0,1,0,9,4,4,4,4,4,3,3,4,3,3,3,3,2,1,4.0,1,2,2,5,7.0,1
71,1,4,4,4,4,5,3,3,4,4,3,3,4,4,2,0,9,0,9,2,4,3,4,4,2,2,4,3,3,4,4,3,4,4,4,3,3,2,2,2,1,4,3,3,4,4,4,3,3,3,2,5,0,9,9,9,9,9,9,9,9,4,0,9,4,5,4,4,3,2,4,3,3,3,1,2,1,2,5.0,1,1,1,4,6.0,1
72,2,4,4,3,4,3,2,5,4,3,3,3,3,3,3,0,9,0,9,4,4,4,3,4,3,3,4,3,4,3,3,2,3,3,4,3,3,3,3,3,1,4,5,3,4,3,4,3,4,4,4,3,9,9,9,9,9,9,9,9,9,4,1,0,5,4,4,4,4,4,4,4,4,4,3,2,3,1,4.0,11,7,2,2,6.0,1
73,3,3,3,4,4,2,4,4,4,4,0,2,2,2,2,1,1,0,9,3,5,3,5,4,3,3,4,2,4,4,4,5,3,3,5,3,3,3,3,4,0,9,9,9,9,9,9,9,9,9,9,9,9,1,1,4,3,1,1,1,4,10,1,1,4,4,4,5,2,3,4,5,3,3,3,1,2,2,3.0,1,2,1,3,6.0,1
74,2,4,5,3,2,3,1,4,4,4,4,4,2,2,1,1,1,0,9,2,4,4,3,4,4,2,5,2,4,4,3,2,4,4,5,2,4,3,3,4,1,5,4,2,5,4,4,5,3,4,4,3,0,9,9,9,9,9,9,9,9,3,0,9,4,5,5,5,3,4,4,4,4,5,3,3,1,2,3.0,1,2,2,5,7.0,1
75,3,5,4,4,5,3,2,4,4,5,3,3,2,4,2,0,9,0,9,3,3,4,2,3,2,2,4,3,4,5,4,4,4,3,4,3,3,4,5,4,1,5,4,3,5,5,4,4,2,4,5,4,0,9,9,9,9,9,9,9,9,9,0,9,4,4,5,5,2,2,2,3,2,2,2,2,1,1,1.0,1,1,1,1,6.0,1
76,2,5,5,4,5,1,3,3,3,3,4,4,2,2,3,0,9,0,9,4,1,5,3,3,3,3,3,5,4,5,5,5,4,4,3,4,5,4,4,4,1,5,4,3,5,3,4,5,3,5,3,3,0,9,9,9,9,9,9,9,9,1,1,6,4,3,5,5,3,3,5,5,5,4,3,1,1,1,3.0,13,2,1,2,4.0,1
77,1,4,4,5,5,4,3,2,4,5,3,3,2,2,3,0,9,0,9,4,4,4,2,4,2,2,2,4,5,4,4,2,4,4,5,4,4,4,4,5,1,5,2,4,5,3,4,5,3,4,2,4,0,9,9,9,9,9,9,9,9,9,0,9,3,5,4,3,2,2,4,4,3,4,3,1,1,2,5.0,1,2,1,4,6.0,1
78,4,5,4,4,5,3,2,4,4,4,2,2,2,2,2,0,9,0,9,3,4,4,4,4,3,2,3,2,3,4,4,3,3,3,4,3,3,2,3,4,1,5,3,4,4,4,4,5,4,4,4,4,0,9,9,9,9,9,9,9,9,2,0,9,4,4,3,3,2,2,4,4,3,5,2,2,2,1,2.0,1,1,1,2,1.0,1
79,4,5,4,3,4,3,4,5,3,4,3,3,3,3,3,0,9,0,9,4,3,4,2,4,4,2,4,4,4,4,4,5,4,4,5,4,4,2,4,4,1,5,3,4,5,4,4,4,4,5,5,4,0,9,9,9,9,9,9,9,9,4,0,9,4,4,4,4,3,2,2,4,4,3,3,2,1,1,2.0,1,1,1,1,1.0,1
80,3,4,4,3,4,2,4,4,4,3,3,4,3,2,1,0,9,0,9,1,4,3,2,2,3,2,4,4,2,4,4,2,1,4,4,3,4,2,1,5,1,5,4,4,5,4,4,4,4,4,4,4,0,9,9,9,9,9,9,9,9,2,0,9,4,4,4,4,4,3,4,4,3,3,3,2,1,1,4.0,1,2,0,3,0.0,1
81,4,4,5,5,5,4,2,4,4,3,4,4,4,4,2,1,1,0,9,2,4,3,4,4,4,3,4,4,3,4,4,5,4,4,4,4,3,2,3,4,0,9,9,9,9,9,9,9,9,9,9,9,9,5,3,2,4,2,2,2,0,1,0,9,4,5,5,5,4,3,4,5,5,5,3,3,1,2,5.0,3,1,2,4,1.0,1
82,5,5,4,2,3,1,1,4,4,5,3,3,1,4,3,0,9,0,9,3,3,4,4,5,3,4,4,3,3,3,3,3,3,3,4,3,3,3,1,3,0,9,9,9,9,9,9,9,9,9,9,9,9,3,3,3,4,2,3,3,0,2,0,9,5,2,4,3,4,4,3,4,3,3,3,2,1,1,1.0,1,2,2,1,7.0,1
83,4,5,5,4,5,2,5,4,4,3,3,3,2,2,4,0,9,0,9,2,4,4,2,4,4,2,4,3,5,4,4,1,4,5,5,3,4,1,2,4,1,5,4,5,5,5,5,5,3,4,4,5,0,9,9,9,9,9,9,9,9,6,0,9,3,4,4,5,3,4,5,5,3,5,3,2,1,1,6.0,1,1,1,4,6.0,1
84,2,4,4,5,5,2,1,2,3,4,2,2,2,2,4,0,9,0,9,2,3,4,4,3,3,3,4,4,3,4,4,4,3,4,4,4,4,4,4,4,0,9,9,9,9,9,9,9,9,9,9,9,9,4,3,4,5,4,3,3,0,2,0,9,4,5,4,4,2,2,4,4,3,5,4,2,1,1,2.0,1,2,1,2,3.0,1
85,4,4,4,3,4,2,4,3,5,3,3,3,4,4,1,1,1,0,9,3,2,4,2,4,4,3,2,3,0,4,4,5,3,2,5,4,4,3,3,4,1,5,4,3,5,3,3,4,4,3,4,3,0,9,9,9,9,9,9,9,9,2,0,9,4,3,4,3,2,2,4,5,3,3,3,1,1,1,1.0,1,1,1,1,1.0,1
86,1,5,4,3,5,2,1,5,4,3,1,1,1,1,5,0,9,0,9,4,4,5,4,3,4,3,3,4,4,4,4,4,3,4,4,4,4,4,4,3,1,5,4,4,5,4,5,5,4,4,4,5,0,9,9,9,9,9,9,9,9,2,0,9,4,2,4,3,3,4,5,4,3,3,1,2,1,1,1.0,1,1,1,1,1.0,1
87,3,4,5,4,4,2,1,4,5,4,3,3,4,4,3,0,9,0,9,2,3,4,4,5,1,1,4,2,4,4,4,3,4,4,5,4,4,4,2,5,1,5,5,3,5,5,4,5,5,4,4,4,2,9,9,9,9,9,9,9,9,11,1,5,4,5,4,4,3,3,5,5,5,5,5,1,1,2,3.0,1,2,2,5,6.0,1
88,3,5,5,4,4,2,4,4,4,5,3,3,3,3,4,1,1,0,9,3,2,5,2,4,3,2,3,4,4,4,4,4,4,4,5,4,4,4,4,4,1,5,4,3,5,4,5,5,4,3,2,5,0,9,9,9,9,9,9,9,9,9,0,9,4,4,4,4,2,4,4,4,4,3,2,2,1,1,4.0,1,2,2,3,6.0,1
89,4,4,4,2,3,4,1,3,4,5,3,3,3,3,5,1,0,0,9,5,5,5,4,5,4,4,4,5,5,4,4,4,5,4,5,4,3,5,5,5,1,5,3,2,5,5,5,5,2,5,2,2,0,9,9,9,9,9,9,9,9,2,0,9,4,3,5,4,4,2,4,4,1,3,1,2,1,1,1.0,1,1,1,1,7.0,1
90,2,4,5,5,4,3,3,3,4,5,3,3,3,3,3,0,9,0,9,3,4,4,3,4,4,3,2,4,5,4,4,2,4,4,4,4,3,1,2,4,1,5,3,4,5,4,4,3,4,3,4,4,0,9,9,9,9,9,9,9,9,2,1,3,3,5,5,4,3,4,5,5,2,4,1,1,1,1,4.0,1,1,2,3,6.0,1
91,2,2,4,4,3,5,1,4,5,4,2,4,1,4,2,0,9,0,9,4,5,1,4,4,4,5,4,1,4,4,2,4,2,2,5,4,4,1,1,3,0,9,9,9,9,9,9,9,9,9,9,9,9,3,2,2,2,2,5,5,0,10,1,5,5,2,5,5,4,2,3,5,4,5,3,3,2,1,5.0,1,2,1,3,6.0,1
92,2,5,4,2,2,2,1,1,5,5,2,2,1,5,3,0,9,0,9,4,4,3,4,5,5,2,5,4,5,5,4,2,3,4,5,2,4,4,4,5,1,5,5,5,5,5,5,4,5,4,4,4,2,9,9,9,9,9,9,9,9,9,0,9,4,5,4,4,4,2,4,4,4,3,4,3,2,2,3.0,1,1,1,5,7.0,1
93,4,5,4,4,4,1,2,4,5,5,2,2,2,2,5,1,1,0,9,3,4,5,2,4,2,2,3,3,3,4,4,4,4,4,4,4,4,4,4,4,1,4,3,3,5,5,5,4,5,5,5,4,0,9,9,9,9,9,9,9,9,2,1,0,4,3,4,4,4,4,3,4,3,3,3,2,1,1,1.0,1,2,2,1,1.0,1
94,4,5,3,4,4,2,3,4,4,4,3,3,4,4,4,0,9,0,9,4,3,4,2,4,3,3,4,4,4,4,5,5,4,3,4,5,4,4,5,5,0,9,9,9,9,9,9,9,9,9,9,9,9,2,2,3,5,1,2,1,0,2,0,9,5,2,2,2,4,5,4,5,4,4,2,1,1,1,1.0,15,2,1,1,1.0,1
95,5,5,4,3,4,3,2,3,5,5,3,3,3,3,4,1,1,0,9,4,5,5,3,3,3,3,4,4,4,4,3,5,4,3,5,4,4,4,4,5,1,5,5,4,5,3,4,4,5,5,5,5,0,9,9,9,9,9,9,9,9,9,0,9,5,5,5,5,2,2,4,5,4,4,4,1,1,1,1.0,1,1,1,1,6.0,1
96,2,5,5,5,5,2,2,5,3,3,3,3,3,3,3,1,1,0,9,2,3,5,2,5,3,2,4,4,4,4,4,5,4,4,5,3,4,2,3,4,1,5,3,3,5,5,4,5,3,4,5,4,2,9,9,9,9,9,9,9,9,2,1,2,4,4,5,5,3,3,3,4,4,3,3,2,1,1,2.0,1,1,1,2,1.0,1
97,4,4,4,3,4,4,1,4,3,5,3,3,4,4,2,0,9,0,9,2,3,4,2,4,2,3,4,2,4,3,2,2,3,4,4,3,3,4,4,4,1,5,4,4,5,4,5,5,3,4,3,3,0,9,9,9,9,9,9,9,9,2,0,9,3,4,4,4,3,3,4,4,4,4,3,1,1,1,3.0,1,1,1,2,7.0,1
98,4,5,4,2,3,3,4,2,3,5,2,2,2,4,2,0,9,0,9,5,5,5,3,4,2,2,3,5,5,5,4,2,5,4,5,4,4,4,5,5,1,5,4,2,5,5,5,5,5,5,5,5,0,9,9,9,9,9,9,9,9,2,2,0,4,5,5,5,5,4,5,5,5,4,5,1,1,2,1.0,1,2,1,1,7.0,1
99,4,5,5,5,5,2,5,4,5,5,3,3,3,3,3,1,1,0,9,2,1,5,3,3,3,3,0,4,4,5,4,2,4,4,4,4,4,2,2,4,1,5,4,3,5,5,5,3,2,4,3,3,0,9,9,9,9,9,9,9,9,9,2,0,5,5,5,5,4,4,4,4,3,3,1,1,2,1,2.0,1,0,1,2,4.0,1
100,3,4,4,4,4,4,2,3,5,3,4,3,3,4,2,0,9,0,9,4,4,4,2,4,3,3,5,4,4,4,4,4,4,4,5,3,3,4,4,5,0,9,9,9,9,9,9,9,9,9,9,9,9,3,3,4,4,1,3,3,4,2,0,9,4,2,4,4,4,3,5,5,3,4,3,3,3,1,5.0,1,1,1,2,6.0,1
101,4,5,5,4,3,2,4,4,5,3,2,2,2,2,3,0,9,0,9,4,3,4,2,4,3,2,4,2,4,4,4,5,4,4,5,4,4,3,2,3,1,5,4,4,5,5,5,4,4,2,2,4,0,9,9,9,9,9,9,9,9,4,0,9,4,3,5,5,3,4,5,5,3,3,2,1,2,1,4.0,1,0,1,5,5.0,1
102,3,4,5,5,5,4,2,5,5,4,1,1,1,4,3,1,0,0,9,1,4,4,5,4,4,2,4,3,4,4,4,3,4,4,4,4,2,1,4,4,0,9,9,9,9,9,9,9,9,9,9,9,9,2,2,4,4,4,2,2,0,2,1,0,5,3,4,4,4,3,3,5,3,3,3,1,2,1,4.0,1,2,2,3,6.0,1
103,2,5,4,4,4,2,2,5,5,5,2,2,2,4,2,0,9,0,9,4,2,5,2,4,3,2,2,4,5,4,5,2,4,4,5,4,5,4,3,5,1,4,4,4,5,5,5,4,3,3,3,2,0,9,9,9,9,9,9,9,9,11,0,9,4,5,4,4,3,3,4,4,4,3,2,1,1,1,2.0,1,1,0,2,4.0,1
104,5,5,5,5,5,4,3,3,5,4,4,4,3,3,1,0,9,0,9,2,2,4,2,3,3,2,3,3,3,5,3,3,3,4,4,3,4,3,3,4,1,5,5,4,5,4,4,3,4,4,3,4,0,9,9,9,9,9,9,9,9,3,0,9,5,5,5,5,5,5,4,5,4,4,4,3,3,1,2.0,1,1,1,1,4.0,1
105,2,4,4,1,1,5,1,2,5,4,4,2,4,4,2,0,9,0,9,3,4,4,2,4,4,3,4,3,4,4,3,4,4,5,5,3,3,4,4,4,1,5,3,4,4,5,5,3,3,4,4,3,0,9,9,9,9,9,9,9,9,9,0,9,4,2,3,3,4,3,4,4,4,3,3,2,2,2,3.0,1,2,1,5,7.0,1
106,4,5,5,3,4,1,3,4,2,3,1,1,1,4,1,1,1,0,9,2,2,4,2,2,2,2,2,4,2,4,4,3,3,4,2,4,4,2,2,4,1,5,2,4,5,4,5,3,2,4,4,3,0,9,9,9,9,9,9,9,9,9,2,0,4,2,5,4,3,3,3,4,4,4,3,2,1,1,2.0,1,1,1,1,4.0,1
107,3,5,5,4,5,3,1,2,4,5,4,3,1,4,2,0,9,1,8,4,3,4,4,5,5,4,5,4,4,4,3,5,4,4,5,2,4,4,4,5,1,5,3,4,5,4,5,4,3,4,3,2,0,9,9,9,9,9,9,9,9,9,0,9,4,4,5,4,2,2,4,4,2,3,3,3,2,2,3.0,1,2,1,5,7.0,1
108,2,5,5,4,5,4,4,5,4,4,3,3,3,3,2,1,1,0,9,4,3,4,3,4,3,3,3,3,4,4,4,3,3,3,3,3,4,3,3,4,0,9,9,9,9,9,9,9,9,9,9,9,9,3,1,1,1,2,1,1,0,3,1,5,4,4,4,4,4,3,5,4,3,4,3,1,1,1,3.0,13,2,1,1,4.0,1
109,2,4,2,2,2,3,1,3,3,4,1,1,1,1,4,0,9,0,9,5,3,4,3,3,2,2,3,4,4,5,4,4,5,3,4,3,3,5,4,5,1,4,4,2,4,3,4,3,3,2,4,1,0,9,9,9,9,9,9,9,9,2,0,9,4,3,4,3,3,2,2,4,3,2,1,3,3,1,2.0,1,1,1,2,6.0,1
110,2,4,5,2,4,2,3,4,5,5,3,3,3,3,4,0,9,0,9,2,2,4,4,4,2,1,4,3,4,2,2,3,2,4,4,2,0,2,2,3,1,4,5,5,3,4,3,2,4,2,4,1,0,9,9,9,9,9,9,9,9,10,1,5,4,3,4,4,4,5,4,5,3,5,3,3,2,1,4.0,1,2,1,5,5.0,1
111,4,4,4,4,4,3,1,4,4,3,3,3,2,2,4,0,9,0,9,3,2,4,3,3,2,2,3,3,3,3,3,3,3,4,4,3,4,3,3,3,1,4,3,3,4,4,4,4,3,4,4,4,0,9,9,9,9,9,9,9,9,1,0,9,4,2,3,3,3,4,4,4,3,3,2,1,1,1,1.0,1,1,1,1,4.0,1
112,3,4,5,5,5,4,1,4,5,4,2,4,2,2,5,0,9,0,9,4,5,3,3,4,3,3,5,4,4,4,3,4,4,4,4,4,4,4,4,4,1,5,3,4,5,4,4,4,5,5,3,5,0,9,9,9,9,9,9,9,9,9,1,5,4,5,4,3,3,3,3,4,2,3,2,1,1,1,3.0,1,2,1,5,6.0,1
113,2,5,5,5,1,1,2,5,5,5,3,3,3,3,4,0,9,0,9,0,4,4,4,2,3,2,0,0,4,4,4,0,4,4,5,0,3,0,0,0,1,5,4,5,5,5,5,3,3,5,5,5,0,9,9,9,9,9,9,9,9,1,2,0,5,5,4,4,3,4,4,5,5,4,4,1,1,1,2.0,1,2,0,1,4.0,1
114,4,4,3,4,5,3,1,2,5,3,1,1,4,3,1,0,9,0,9,2,3,3,4,4,5,3,4,4,4,4,3,3,2,3,5,3,4,2,3,4,1,4,1,2,4,5,5,4,5,4,3,5,2,9,9,9,9,9,9,9,9,10,0,9,5,4,5,5,5,3,5,5,3,4,1,1,1,1,4.0,1,1,1,3,6.0,1
115,4,4,5,4,4,1,5,4,4,3,3,3,3,3,4,0,9,0,9,1,2,3,5,2,2,2,5,1,4,2,4,5,2,3,4,2,2,4,4,2,1,4,3,4,5,4,4,2,4,4,4,4,0,9,9,9,9,9,9,9,9,1,1,5,4,5,4,3,4,2,4,4,2,4,1,3,1,1,5.0,1,1,1,4,5.0,1
116,3,4,4,4,4,3,2,4,4,4,3,3,3,3,4,0,9,0,9,4,4,4,4,5,3,3,4,4,4,3,4,4,3,4,3,3,3,4,4,4,1,5,4,3,4,4,4,5,3,4,2,4,0,9,9,9,9,9,9,9,9,2,0,9,5,4,4,4,4,3,4,5,3,4,2,1,1,1,4.0,1,1,1,3,6.0,1
117,4,5,5,4,4,3,2,4,5,3,2,2,4,5,2,0,9,0,9,4,2,5,3,4,3,2,4,4,4,4,4,3,4,4,4,3,3,4,4,4,1,5,4,3,5,5,5,5,4,5,5,3,0,9,9,9,9,9,9,9,9,1,0,9,4,5,5,5,4,4,5,5,5,5,4,1,1,2,4.0,1,1,1,4,7.0,1
118,2,5,4,4,0,2,2,4,4,5,3,3,2,3,3,0,9,0,9,2,3,5,3,4,4,3,3,2,4,4,3,4,4,4,5,4,2,2,3,4,1,5,3,4,5,5,5,4,4,5,3,5,0,9,9,9,9,9,9,9,9,4,0,9,5,5,5,5,2,3,4,5,3,4,5,1,1,1,5.0,1,2,1,3,6.0,1
119,5,5,5,4,4,1,4,4,4,3,3,3,3,3,2,1,1,0,9,2,2,4,4,4,4,2,2,4,4,4,5,5,4,5,5,4,4,4,4,4,1,5,4,2,5,5,5,5,4,5,5,5,0,9,9,9,9,9,9,9,9,1,0,9,5,3,4,3,3,4,4,5,5,3,2,2,1,1,2.0,1,1,1,1,5.0,1
120,2,3,3,4,4,4,1,3,4,4,3,3,2,2,3,0,9,0,9,1,4,2,5,4,2,5,4,4,4,2,1,1,4,4,2,2,2,2,3,4,0,9,9,9,9,9,9,9,9,9,9,9,9,2,2,2,3,4,5,2,0,10,0,9,2,4,4,4,5,2,4,5,2,2,2,3,2,1,3.0,0,2,1,3,4.0,1
121,0,5,4,3,3,1,1,5,5,5,3,3,3,3,3,1,1,0,9,2,2,5,3,4,3,2,3,3,4,4,4,3,3,4,5,3,4,5,3,5,1,5,4,3,3,3,4,5,4,4,5,5,0,9,9,9,9,9,9,9,9,9,0,9,5,4,4,4,3,4,5,5,3,4,3,1,1,1,2.0,0,2,0,1,4.0,1
122,3,5,4,3,4,2,3,4,3,3,3,3,3,3,4,0,9,0,9,2,3,4,3,3,3,2,3,4,4,4,4,3,4,4,5,3,3,2,3,4,1,5,2,3,4,5,5,4,4,4,2,5,0,9,9,9,9,9,9,9,9,9,0,9,4,4,3,4,3,3,5,5,4,5,2,3,1,1,4.0,1,2,1,3,6.0,1
123,4,5,5,3,4,2,4,5,5,4,3,3,3,3,4,0,9,0,9,4,3,4,5,4,2,2,5,4,4,4,4,5,5,3,5,4,4,4,4,4,1,5,5,5,5,5,5,3,5,5,5,5,0,9,9,9,9,9,9,9,9,10,1,7,5,5,5,5,4,2,5,5,5,5,3,1,1,1,4.0,1,0,1,5,5.0,1
124,4,3,4,1,4,4,1,4,4,3,3,4,3,3,2,0,9,0,9,4,4,5,3,4,3,3,4,4,2,4,4,5,4,4,4,3,4,4,3,4,0,9,9,9,9,9,9,9,9,9,9,9,9,2,2,2,4,2,3,2,4,9,0,9,4,3,5,3,1,4,4,3,3,4,2,3,2,1,5.0,1,1,1,0,4.0,1
125,4,4,4,3,4,3,2,4,4,5,3,3,3,3,3,1,1,0,9,4,3,4,3,3,4,3,3,4,4,4,3,4,4,4,5,3,3,4,4,4,0,9,9,9,9,9,9,9,9,9,9,9,9,2,2,2,3,2,2,2,0,8,1,0,5,3,4,4,3,3,3,5,3,3,3,1,1,1,1.0,1,2,1,1,6.0,1
126,3,5,5,4,5,3,1,3,5,5,3,4,4,3,1,1,1,0,9,2,3,4,4,4,3,3,4,3,4,4,3,3,2,3,3,4,3,2,3,5,1,5,3,4,5,4,5,4,4,5,2,3,0,9,9,9,9,9,9,9,9,3,0,9,4,3,4,4,3,4,5,5,1,3,3,1,2,1,2.0,1,2,2,2,3.0,1
127,4,5,5,3,3,4,1,5,4,4,3,3,3,3,3,0,9,0,9,2,4,4,4,4,3,3,3,4,4,4,4,4,4,4,4,4,4,4,4,4,1,5,5,4,5,5,5,5,5,5,5,1,0,9,9,9,9,9,9,9,9,2,0,9,4,5,5,5,3,3,5,5,5,4,4,3,3,1,1.0,1,1,1,1,6.0,1
128,3,5,4,5,4,2,4,4,5,4,3,3,3,3,3,0,9,0,9,3,3,4,3,3,2,2,4,2,3,4,4,4,4,3,4,4,4,4,2,3,1,5,3,4,5,5,5,5,4,4,3,5,0,9,9,9,9,9,9,9,9,1,0,9,4,4,4,4,5,3,5,4,3,4,3,1,1,1,5.0,1,2,1,4,4.0,1
129,2,4,4,4,2,2,4,5,5,5,3,4,3,2,3,0,9,0,9,4,5,2,4,4,2,2,4,2,3,2,2,1,4,4,3,4,4,2,4,4,0,9,9,9,9,9,9,9,9,9,9,9,9,5,2,2,1,1,2,2,0,10,1,5,2,4,5,5,5,2,4,3,4,4,3,2,2,1,3.0,1,1,1,3,4.0,1
130,2,5,4,3,4,2,2,4,4,3,3,3,3,3,4,0,9,0,9,4,3,4,4,4,4,3,4,4,4,4,4,4,4,4,4,4,4,4,4,4,1,4,4,2,5,5,4,3,2,2,2,2,0,9,9,9,9,9,9,9,9,2,0,9,4,4,4,4,2,2,4,4,2,3,4,2,1,1,6.0,1,1,1,4,1.0,1
131,2,4,4,3,3,1,5,4,4,4,4,5,3,3,1,1,1,0,9,2,3,5,4,4,4,3,4,4,4,4,4,5,4,4,4,4,4,3,3,4,1,5,2,2,3,3,3,2,3,4,4,3,0,9,9,9,9,9,9,9,9,1,1,2,4,3,4,4,5,2,4,4,3,3,1,1,2,1,2.0,1,0,2,2,4.0,1
132,3,5,5,2,4,3,2,4,4,5,1,1,2,5,3,0,9,0,9,4,4,4,4,5,2,4,4,3,5,5,5,5,4,4,4,4,4,4,2,3,0,9,9,9,9,9,9,9,9,9,9,9,9,4,2,5,4,1,3,3,0,9,0,9,5,5,5,5,3,3,4,5,1,1,1,1,2,1,5.0,1,1,2,3,7.0,1
133,4,5,5,5,5,1,2,5,5,5,5,1,1,5,1,0,9,0,9,5,5,4,2,5,2,0,5,2,5,4,2,5,2,5,5,5,5,0,5,4,1,5,4,5,5,5,4,2,5,5,4,1,0,5,1,1,1,1,1,1,0,4,1,3,4,5,5,5,5,2,5,5,5,5,5,1,1,2,3.0,1,1,2,5,7.0,1
134,4,5,5,5,5,3,3,4,4,4,3,5,3,4,3,1,1,0,9,4,5,5,3,4,4,3,3,3,4,3,4,4,3,3,4,3,3,4,3,4,1,4,4,4,5,4,4,3,4,4,4,0,0,9,9,9,9,9,9,9,9,9,1,2,4,4,4,4,4,3,4,4,3,4,0,1,1,1,2.0,9,3,1,1,5.0,1
135,4,5,5,4,4,2,1,5,5,3,1,1,1,1,5,0,9,0,9,2,4,5,5,3,4,3,5,4,3,4,3,2,4,4,2,4,3,0,3,2,0,9,9,9,9,9,9,9,9,9,9,9,9,9,9,9,9,9,9,9,8,2,0,9,4,5,4,4,3,3,5,4,1,2,1,2,2,1,3.0,1,1,1,3,6.0,1
136,3,5,4,4,3,2,5,5,5,4,2,5,3,3,1,0,9,0,9,0,3,5,4,2,3,1,4,3,4,2,4,4,4,3,4,3,4,4,4,4,1,5,4,5,5,2,3,4,2,4,3,3,0,9,9,9,9,9,9,9,9,6,0,9,5,4,5,5,3,1,3,4,3,4,1,2,1,1,1.0,1,1,1,1,5.0,1
137,2,5,4,5,5,2,1,3,5,4,1,1,2,3,4,1,1,0,9,2,3,3,4,3,1,3,4,3,2,2,2,2,2,3,4,2,2,2,2,2,1,5,5,5,4,5,5,3,3,2,2,2,0,9,9,9,9,9,9,9,9,5,1,1,4,5,4,4,2,3,5,5,3,5,2,1,2,1,5.0,1,1,2,3,6.0,1
138,3,4,4,4,4,3,2,3,4,3,3,3,2,2,3,1,1,1,7,4,3,4,3,2,2,2,3,4,3,4,4,4,4,5,5,4,4,4,4,5,1,5,4,4,5,5,5,5,3,4,4,4,0,9,9,9,9,9,9,9,9,9,0,9,4,4,4,4,3,2,5,4,4,3,3,1,2,2,3.0,1,2,1,5,2.0,1
139,4,4,3,4,3,2,2,3,4,4,2,2,2,2,4,0,9,0,9,4,5,4,3,4,3,3,4,2,3,4,3,3,2,2,4,2,4,4,3,4,1,4,4,4,4,4,4,4,3,4,4,3,0,9,9,9,9,9,9,9,9,9,0,9,4,5,4,4,3,4,4,5,5,4,4,1,1,1,2.0,8,3,2,1,3.0,1
140,2,4,4,4,4,2,1,4,4,4,4,4,4,4,2,0,9,2,0,2,4,4,4,3,4,2,4,1,4,4,4,2,1,4,4,4,4,2,2,4,1,5,2,2,5,5,4,4,4,4,4,4,0,9,9,9,9,9,9,9,9,2,1,5,4,5,4,4,4,4,5,5,4,4,2,1,1,1,5.0,1,2,1,5,3.0,1
141,4,4,4,3,4,5,2,2,4,3,1,1,1,1,4,1,1,1,4,3,4,3,2,3,2,2,3,4,4,4,3,5,4,2,5,3,4,4,4,4,0,9,9,9,9,9,9,9,9,9,9,9,9,1,3,2,5,1,1,1,4,1,0,9,5,4,3,3,4,2,5,5,3,3,2,3,1,1,4.0,1,2,1,2,6.0,1
142,3,5,5,3,3,4,1,4,4,4,4,4,2,3,2,0,9,0,9,4,4,4,3,4,3,3,4,3,4,4,4,4,4,4,4,4,3,4,4,4,1,5,3,3,4,5,5,5,5,4,4,3,0,9,9,9,9,9,9,9,9,9,2,0,4,4,4,4,4,3,4,4,4,3,3,3,3,2,1.0,1,1,1,1,7.0,1
143,4,5,5,4,3,1,1,5,5,4,4,4,1,4,1,0,9,0,9,4,3,5,4,4,5,3,4,4,4,4,4,4,3,4,3,4,4,4,4,4,1,5,4,5,5,5,5,4,4,4,5,5,0,9,9,9,9,9,9,9,9,2,0,9,4,5,4,4,5,3,4,5,3,4,3,2,1,1,3.0,1,1,1,1,6.0,1
144,4,5,5,2,3,4,1,4,5,5,3,3,3,5,1,0,9,0,9,4,3,5,2,5,2,2,4,4,5,5,5,5,5,4,5,4,4,5,5,5,1,5,4,2,5,3,5,5,4,5,3,2,0,9,9,9,9,9,9,9,9,2,1,4,4,5,5,4,3,3,5,5,5,3,3,2,1,2,1.0,1,2,1,1,7.0,1
145,4,5,4,4,5,3,3,5,4,3,3,3,3,4,4,0,9,0,9,2,4,4,3,3,3,2,4,3,4,5,4,4,3,5,4,4,4,2,3,4,0,9,9,9,9,9,9,9,9,9,9,9,9,2,3,4,4,2,3,1,0,2,0,9,4,3,3,5,2,2,4,4,2,3,2,2,1,1,3.0,1,2,1,3,1.0,1
146,2,4,4,2,4,4,1,4,4,4,3,3,3,3,5,0,9,0,9,4,3,5,2,4,1,1,3,3,3,4,4,1,4,4,4,3,4,4,4,5,0,9,9,9,9,9,9,9,9,9,9,9,9,3,3,3,4,3,3,3,0,7,1,4,4,5,5,5,3,4,5,5,5,5,5,1,3,2,3.0,1,2,1,3,7.0,1
147,2,5,5,5,4,2,2,4,5,4,3,3,4,4,0,1,0,0,9,5,2,5,1,5,1,1,5,4,5,5,5,5,5,5,5,5,5,5,5,5,1,5,3,1,4,4,4,5,3,4,3,1,0,9,9,9,9,9,9,9,9,2,1,1,4,4,4,4,3,3,4,4,4,4,3,2,1,1,2.0,1,2,1,1,7.0,1
148,4,4,4,5,5,3,4,2,5,4,2,2,2,2,5,0,9,0,9,3,4,4,3,4,3,1,4,4,4,4,4,4,4,4,4,3,4,2,2,4,1,4,4,4,4,4,4,4,4,4,4,4,0,9,9,9,9,9,9,9,9,2,0,9,4,4,5,3,2,2,3,5,3,4,1,2,1,1,2.0,1,1,2,2,6.0,1
149,4,5,4,2,4,2,3,5,4,4,2,2,2,3,4,0,9,0,9,2,3,4,5,4,4,3,3,5,5,4,4,5,4,2,5,2,2,4,4,4,1,4,3,2,5,3,4,4,3,3,3,4,0,9,9,9,9,9,9,9,9,2,1,0,4,3,4,4,4,4,3,4,4,4,3,1,1,1,2.0,1,1,2,2,7.0,1
150,3,5,5,5,5,2,2,3,4,4,3,3,3,3,2,1,1,0,9,4,3,5,3,2,2,1,5,4,3,3,4,4,4,4,5,4,4,4,4,4,1,5,3,3,4,4,5,3,3,4,4,4,0,9,9,9,9,9,9,9,9,11,0,9,4,4,3,3,4,3,5,4,3,4,3,2,1,1,5.0,1,2,1,3,2.0,1
151,4,4,4,4,4,2,1,5,5,2,4,4,4,4,3,1,1,1,8,2,5,5,4,3,3,3,5,3,4,2,2,2,2,2,4,4,4,2,2,4,1,4,4,4,5,5,4,5,5,5,5,5,0,9,9,9,9,9,9,9,9,2,0,9,4,4,4,5,4,3,4,4,4,3,1,1,2,1,1.0,1,2,1,1,6.0,1
152,3,5,5,2,2,4,5,1,4,4,1,1,1,1,5,1,1,1,2,4,5,5,2,4,5,3,4,3,5,4,4,1,2,3,4,4,4,4,4,4,1,5,2,4,4,5,5,4,2,4,2,1,0,9,9,9,9,9,9,9,9,9,0,9,4,3,3,3,4,1,5,5,4,2,2,3,2,2,4.0,6,1,1,5,6.0,1
153,3,4,4,4,4,2,5,3,4,4,4,4,3,4,2,0,9,0,9,3,3,4,4,3,3,3,3,4,2,3,3,3,3,2,3,2,3,2,4,4,1,4,4,4,4,4,4,3,3,4,4,3,0,9,9,9,9,9,9,9,9,9,0,9,4,4,4,4,4,4,4,4,3,3,3,3,2,1,1.0,1,0,2,1,1.0,1
154,3,5,4,1,3,4,5,4,4,4,3,3,3,4,3,0,9,0,9,2,3,5,0,2,4,1,3,2,4,4,5,5,5,4,5,4,3,4,4,5,1,5,3,1,4,4,4,3,4,4,4,1,0,9,9,9,9,9,9,9,9,2,0,9,5,4,4,4,4,1,5,5,1,3,1,3,2,1,2.0,1,1,1,1,7.0,1
155,3,5,5,4,4,2,2,2,4,4,1,1,3,4,2,0,9,0,9,4,3,5,2,5,2,2,5,4,4,4,4,4,4,5,5,4,4,4,4,4,1,5,4,2,5,5,5,5,4,5,4,3,0,9,9,9,9,9,9,9,9,2,0,9,4,4,5,4,4,2,4,4,4,3,4,2,1,1,3.0,1,1,1,5,7.0,1
156,4,5,5,5,4,3,5,4,4,5,3,3,3,3,4,1,1,0,9,4,3,5,3,5,3,2,4,4,4,4,4,4,4,4,5,4,4,4,5,4,1,5,4,4,5,5,5,5,4,5,4,5,0,9,9,9,9,9,9,9,9,1,1,0,4,5,5,5,5,5,5,5,5,5,4,1,1,1,1.0,9,6,1,1,6.0,1
157,4,4,4,4,4,4,2,4,5,3,3,3,3,3,4,0,9,0,9,1,4,3,3,3,5,2,4,2,5,2,2,2,3,4,3,3,4,1,1,3,0,9,9,9,9,9,9,9,9,9,9,9,9,4,3,3,4,2,3,3,0,2,0,9,4,4,4,4,3,3,4,5,2,4,3,1,1,1,4.0,1,2,2,3,1.0,1
158,4,5,4,5,4,2,2,3,4,4,3,4,3,3,4,0,9,0,9,3,3,4,2,3,2,1,3,3,3,4,4,4,3,4,4,3,4,4,4,5,1,5,3,3,5,5,5,4,4,4,4,5,0,9,9,9,9,9,9,9,9,9,0,9,4,4,5,5,4,3,4,5,4,4,3,3,1,1,1.0,1,1,1,1,1.0,1
159,3,4,4,3,3,4,1,3,3,4,1,2,1,3,4,2,2,0,9,4,3,4,3,4,2,2,4,3,5,4,4,4,4,4,4,4,4,4,4,4,1,4,2,3,4,4,4,4,4,4,3,3,0,9,9,9,9,9,9,9,9,1,0,9,4,4,5,4,3,3,4,4,3,3,3,1,1,1,2.0,1,1,1,1,7.0,1
160,4,5,4,3,4,1,4,4,5,4,3,5,4,4,1,0,9,0,9,3,4,5,4,4,2,2,3,2,4,4,4,4,4,4,4,4,4,4,4,4,1,5,4,2,5,3,4,3,3,4,3,4,0,9,9,9,9,9,9,9,9,1,0,9,4,3,4,4,3,3,5,4,3,4,2,2,1,1,6.0,1,1,1,3,4.0,1
161,2,4,4,3,4,0,4,3,5,3,2,2,2,2,5,0,9,0,9,2,4,4,2,3,3,3,3,2,2,4,4,4,2,4,3,3,4,2,3,5,0,9,9,9,9,9,9,9,9,9,9,9,9,0,0,0,0,0,0,0,3,9,0,9,4,2,3,5,5,3,4,5,5,2,1,2,1,1,1.0,1,1,1,1,1.0,1
162,4,4,3,3,4,2,4,4,4,3,3,4,3,4,1,0,9,0,9,4,4,4,5,4,3,3,4,2,5,4,4,3,5,4,5,5,4,4,4,4,1,5,4,4,5,5,5,5,4,5,5,5,0,9,9,9,9,9,9,9,9,2,0,9,5,5,5,5,5,5,5,5,5,5,5,1,1,2,1.0,15,2,1,1,6.0,1
163,3,4,4,4,4,4,2,3,4,4,3,3,3,3,4,0,9,0,9,2,4,3,4,4,4,2,4,2,3,4,4,4,3,4,4,4,4,4,4,3,1,5,2,4,5,5,5,4,4,4,4,4,0,9,9,9,9,9,9,9,9,10,0,9,4,4,4,4,4,3,4,4,4,4,4,1,2,2,3.0,1,2,2,3,1.0,1
164,4,5,4,4,3,1,3,4,5,5,3,3,2,2,2,0,9,0,9,4,2,4,2,3,3,1,3,4,4,4,4,5,4,4,4,4,4,4,4,5,1,5,3,2,4,5,5,5,3,5,3,4,0,9,9,9,9,9,9,9,9,9,0,9,4,4,4,0,0,0,0,5,4,3,3,2,1,1,1.0,1,2,2,1,6.0,1
165,3,5,5,5,5,2,5,5,4,5,2,4,4,5,1,1,1,0,9,3,3,5,1,3,2,1,3,4,4,5,4,3,3,4,4,4,5,5,5,5,1,5,2,3,5,5,5,4,4,5,2,4,0,9,9,9,9,9,9,9,9,2,0,9,4,4,4,3,2,2,4,4,3,3,2,1,1,1,1.0,1,1,1,1,1.0,1
166,3,5,5,4,0,3,1,5,4,4,1,1,1,2,4,0,9,1,8,4,3,5,3,5,5,3,4,4,5,4,3,4,4,4,5,4,4,5,5,4,1,5,3,1,5,3,5,5,3,5,3,3,0,9,9,9,9,9,9,9,9,2,1,6,4,3,4,4,5,5,5,5,5,4,3,2,2,2,5.0,9,6,1,5,7.0,1
167,4,5,4,2,2,3,1,5,2,4,4,3,3,5,2,0,9,0,9,2,3,5,4,3,4,2,4,2,4,3,2,4,4,4,5,3,2,2,2,2,1,5,2,4,4,2,4,4,4,2,3,1,0,9,9,9,9,9,9,9,9,1,0,9,4,3,4,4,5,4,4,4,2,4,1,3,2,1,5.0,1,1,1,3,7.0,1
168,2,4,5,2,4,1,5,2,2,5,4,5,5,5,1,0,9,0,9,1,3,3,5,3,3,4,4,2,1,4,5,5,2,3,5,3,1,3,3,4,0,9,9,9,9,9,9,9,9,9,9,9,9,5,0,0,0,0,0,0,1,11,1,2,4,4,4,4,2,2,3,5,3,4,2,2,1,1,5.0,1,1,2,3,4.0,1
169,2,5,5,3,2,2,5,4,5,3,2,4,3,3,1,1,1,0,9,2,4,3,5,4,5,3,4,2,3,4,2,3,3,2,3,3,2,3,4,4,1,4,4,5,4,4,3,2,4,3,2,3,0,9,9,9,9,9,9,9,9,2,0,9,4,4,5,5,3,1,2,4,2,5,3,2,1,1,4.0,0,2,1,5,6.0,1
170,2,4,5,4,4,3,1,4,5,5,3,5,4,4,1,0,9,0,9,1,4,2,2,3,3,2,4,2,2,2,5,5,4,4,4,5,2,4,1,4,1,5,5,5,5,5,5,4,3,4,2,5,0,9,9,9,9,9,9,9,9,2,0,9,4,5,5,4,4,2,5,5,3,4,2,1,1,1,2.0,1,2,0,2,5.0,1
171,4,5,5,5,4,2,3,3,5,5,3,3,3,4,2,0,9,0,9,4,2,4,1,4,3,2,3,3,4,5,4,5,4,4,4,4,4,4,5,4,1,5,3,3,4,5,5,5,4,5,4,4,0,9,9,9,9,9,9,9,9,9,0,9,4,4,5,4,4,3,5,5,5,4,3,2,1,1,1.0,1,2,1,1,6.0,1
172,3,4,4,4,4,2,2,4,4,4,3,3,3,4,2,0,9,0,9,3,2,5,2,4,3,3,2,4,4,4,4,4,4,4,5,4,4,4,4,5,0,9,9,9,9,9,9,9,9,9,9,9,9,2,3,2,4,2,2,2,0,2,0,9,4,4,5,5,3,3,4,4,4,4,4,3,1,1,1.0,1,2,1,1,7.0,1
173,4,5,4,4,4,3,4,4,4,4,4,4,3,4,2,0,9,0,9,5,4,5,2,4,2,1,3,3,5,4,3,3,4,3,4,3,4,5,5,5,1,5,3,3,5,5,5,5,4,5,5,4,0,9,9,9,9,9,9,9,9,11,0,9,5,3,4,3,2,3,3,4,3,3,3,3,1,1,1.0,1,1,1,1,7.0,1
174,2,5,4,2,4,1,5,5,4,3,2,2,2,2,5,0,9,0,9,2,4,5,5,3,2,2,4,3,5,4,4,3,4,4,2,3,5,2,1,3,1,5,4,4,5,4,4,4,4,4,3,5,0,9,9,9,9,9,9,9,9,2,0,9,4,4,4,4,4,1,4,4,4,2,2,3,1,1,3.0,1,2,1,1,6.0,1
175,5,5,5,4,5,4,2,2,3,4,3,4,3,4,3,0,9,0,9,2,4,4,2,3,4,3,3,4,4,4,4,4,4,5,5,4,4,4,3,4,1,5,4,4,5,5,5,5,4,5,3,4,0,9,9,9,9,9,9,9,9,9,0,9,5,5,5,4,5,5,5,5,4,4,4,1,1,1,2.0,1,2,1,2,3.0,1
176,3,5,5,4,5,5,2,5,5,5,3,3,3,4,2,1,1,1,5,1,4,2,4,4,3,3,5,1,5,5,5,5,5,5,5,2,4,1,4,3,1,5,4,5,5,5,5,5,4,5,5,4,0,9,9,9,9,9,9,9,9,9,1,5,3,2,4,4,4,3,5,5,2,5,3,2,1,1,3.0,1,1,1,5,6.0,1
177,2,4,4,5,5,3,4,3,4,5,3,3,4,4,2,1,1,0,9,3,4,4,3,3,2,2,4,1,4,4,4,1,5,4,5,2,3,3,2,4,1,5,5,4,5,4,5,2,2,1,4,3,0,9,9,9,9,9,9,9,9,1,1,2,5,4,3,4,2,3,2,5,1,4,1,1,1,1,5.0,1,1,1,4,4.0,1
178,4,5,4,4,4,1,4,5,4,3,3,4,3,3,2,1,1,0,9,3,3,4,2,3,4,3,3,3,4,4,4,2,4,2,5,3,4,4,4,4,1,4,4,4,4,4,4,4,4,4,3,4,0,9,9,9,9,9,9,9,9,2,0,9,3,4,4,4,3,2,4,4,3,3,1,3,1,1,1.0,1,1,1,1,6.0,1
179,4,5,4,3,5,2,1,4,4,2,3,3,3,3,5,0,9,0,9,4,3,4,1,4,3,3,2,4,5,4,4,2,4,3,5,4,4,4,4,4,1,4,4,1,5,2,1,2,2,3,3,0,0,9,9,9,9,9,9,9,9,2,0,9,4,5,2,2,1,3,4,3,1,4,1,2,2,1,2.0,1,1,2,2,1.0,1
180,4,5,5,4,5,1,2,4,5,4,4,4,4,4,2,0,9,0,9,4,4,5,2,3,3,2,0,2,4,4,4,5,5,4,5,4,4,4,4,4,1,5,4,4,4,3,4,4,4,4,2,4,0,9,9,9,9,9,9,9,9,9,0,9,4,5,4,5,5,4,4,5,3,4,2,1,1,1,4.0,0,0,1,5,2.0,1
181,3,4,3,3,3,4,2,4,3,4,2,2,1,1,5,0,9,0,9,4,3,3,3,3,3,3,4,4,4,4,4,4,4,4,4,4,4,3,2,3,0,9,9,9,9,9,9,9,9,9,9,9,9,5,1,1,1,1,1,1,0,1,2,0,0,0,0,0,0,0,0,0,0,0,0,0,2,1,7.0,1,2,1,4,8.0,2
182,3,4,4,3,5,4,2,4,3,4,3,3,3,3,5,0,9,0,9,3,2,3,4,5,3,3,4,3,4,4,4,4,4,4,4,4,4,2,2,3,0,9,9,9,9,9,9,9,9,9,9,9,9,5,3,3,3,3,3,3,0,1,1,5,4,4,4,3,3,4,4,3,4,4,3,1,1,1,8.0,1,1,1,4,8.0,2
183,4,4,4,2,2,2,5,4,3,4,1,5,3,2,3,1,1,0,9,1,4,4,3,4,3,3,4,2,4,3,4,4,4,4,5,3,3,1,3,3,0,9,9,9,9,9,9,9,9,9,9,9,9,5,1,3,5,3,3,3,0,3,0,9,4,4,4,4,3,4,5,5,2,2,2,1,2,1,7.0,3,1,1,3,8.0,2
184,4,5,4,3,2,2,2,4,4,4,1,1,1,1,4,0,9,0,9,2,4,5,5,3,4,1,4,3,4,4,3,2,4,4,5,4,2,1,2,3,0,9,9,9,9,9,9,9,9,9,9,9,9,4,3,4,4,2,3,1,0,4,1,0,4,5,5,4,3,3,5,4,5,4,3,2,1,1,7.0,1,1,1,3,8.0,2
185,3,4,4,3,4,2,3,4,4,4,2,2,2,2,3,0,9,0,9,2,4,4,4,4,4,3,4,3,4,4,3,3,4,4,4,3,3,3,3,3,0,9,9,9,9,9,9,9,9,9,9,9,9,4,3,3,4,3,3,3,0,1,0,9,4,4,4,4,4,4,4,4,3,4,3,1,2,1,8.0,3,1,1,4,8.0,2
186,3,4,5,2,1,2,4,1,4,3,3,3,2,42,4,0,9,1,4,2,4,3,3,2,3,4,4,1,3,4,4,3,4,4,3,4,3,2,2,3,0,9,9,9,9,9,9,9,9,9,9,9,9,5,0,0,0,0,0,0,0,1,0,9,5,5,5,3,3,3,3,3,2,3,3,2,2,1,7.0,1,1,1,3,8.0,2
187,3,4,4,4,2,2,2,3,4,4,2,2,2,2,5,0,9,0,9,4,3,4,4,5,3,1,3,4,5,5,4,3,3,3,4,4,3,2,2,2,0,9,9,9,9,9,9,9,9,9,9,9,9,4,3,3,3,3,3,3,0,1,1,0,5,5,5,5,3,3,5,5,3,5,4,1,1,1,8.0,1,2,1,4,8.0,2
188,3,5,4,4,2,1,4,2,3,4,4,4,4,4,2,0,9,0,9,1,3,4,3,4,4,4,3,4,4,5,5,5,5,5,5,5,5,3,3,5,0,0,0,0,0,0,0,0,0,0,0,0,0,0,0,0,0,0,0,0,0,7,1,5,5,5,5,5,3,3,5,5,5,5,3,1,1,1,8.0,1,2,1,4,8.0,2
189,3,4,4,3,2,1,1,1,4,4,1,4,1,1,3,0,9,0,9,2,2,2,5,3,4,2,4,4,4,4,4,4,3,4,4,4,4,3,2,2,0,9,9,9,9,9,9,9,9,9,9,9,9,5,0,0,0,0,0,0,0,1,0,9,4,5,4,4,2,3,4,5,1,4,4,1,1,1,8.0,1,2,1,4,8.0,2
190,5,4,3,3,1,2,2,4,5,5,5,5,3,2,1,1,0,1,0,3,4,5,4,3,3,3,4,4,4,3,1,3,3,3,5,3,3,2,2,4,1,5,5,5,5,4,1,4,2,3,3,3,0,5,0,0,0,0,0,0,0,1,0,9,5,5,5,3,5,1,1,5,3,4,2,2,1,1,5.0,3,2,1,3,8.0,2
191,1,4,4,1,4,2,5,3,4,3,1,1,1,1,1,0,9,0,9,3,2,3,3,3,1,1,3,4,3,4,3,4,4,4,3,4,4,3,3,5,0,9,9,9,9,9,9,9,9,9,9,9,9,5,1,1,1,1,1,1,0,7,1,5,4,5,3,3,2,1,2,3,4,4,4,2,3,1,8.0,1,2,2,3,8.0,2
192,3,4,4,2,2,2,2,5,3,4,2,2,2,2,4,0,9,0,9,2,3,5,4,2,2,2,3,3,3,4,4,4,3,4,4,3,3,3,3,4,1,5,3,5,4,4,5,4,3,3,2,3,9,9,9,9,9,9,9,9,9,4,0,9,4,4,4,4,4,3,4,4,3,3,2,2,1,1,6.0,1,1,1,3,8.0,2
193,4,4,4,5,5,2,2,4,4,4,2,2,2,2,5,1,0,0,9,4,3,4,4,4,3,3,4,4,4,4,4,4,4,4,4,4,4,4,4,4,0,9,9,9,9,9,9,9,9,9,9,9,9,1,1,4,4,1,1,1,0,2,0,9,4,4,4,4,3,4,4,4,4,4,3,2,2,1,4.0,1,1,1,4,8.0,2
194,4,4,4,4,4,3,2,5,5,4,3,4,4,5,1,0,9,0,9,2,4,4,4,5,4,3,4,4,4,4,3,4,4,5,4,3,3,1,4,4,0,9,9,9,9,9,9,9,9,9,9,9,9,3,3,3,5,2,3,3,0,4,0,9,4,5,5,5,2,4,5,5,5,5,2,2,1,1,3.0,1,2,1,3,8.0,2
195,3,4,4,3,3,3,1,2,4,4,3,3,2,4,1,0,9,0,9,3,3,4,4,4,1,1,3,4,4,4,2,4,4,4,3,4,4,4,4,4,1,4,1,4,4,4,4,4,3,4,2,2,0,9,9,9,9,9,9,9,9,9,1,0,4,4,4,4,4,2,4,4,4,4,4,1,2,2,3.0,3,1,1,3,8.0,2
196,3,5,4,4,4,5,2,4,3,3,1,1,3,3,5,1,0,0,9,4,4,4,4,3,4,3,3,4,4,4,4,4,3,4,3,3,4,3,3,4,0,9,9,9,9,9,9,9,9,9,9,9,9,4,3,4,1,3,3,1,0,3,0,9,4,3,4,5,3,3,4,4,3,4,4,3,2,1,8.0,11,3,2,3,8.0,2
197,4,5,4,4,4,4,4,5,5,4,3,3,5,1,5,1,0,0,9,4,0,5,3,4,0,3,2,3,2,4,5,5,3,4,3,4,4,4,3,3,0,9,9,9,9,9,9,9,9,9,9,9,9,4,0,2,2,3,3,2,0,9,0,9,4,4,4,3,3,3,2,2,2,2,3,2,1,1,8.0,11,3,2,3,8.0,2
198,4,3,4,2,3,2,5,2,4,3,4,4,4,4,1,1,1,0,9,4,2,3,2,3,2,2,4,4,2,4,3,2,4,3,4,2,4,4,3,4,1,5,2,5,3,4,4,4,3,4,3,3,1,9,9,9,9,9,9,9,9,2,1,6,4,4,4,5,3,2,3,4,5,5,5,2,2,1,3.0,3,1,1,0,8.0,2
199,2,4,4,3,5,4,2,2,4,3,1,1,3,4,1,1,1,0,9,5,3,3,4,2,2,4,3,3,5,3,4,4,3,2,5,2,3,4,4,2,1,5,4,5,4,5,5,5,3,5,3,3,0,9,9,9,9,9,9,9,9,2,1,6,3,3,5,4,4,3,4,4,5,5,3,3,2,1,4.0,1,1,1,0,8.0,2
200,3,4,4,4,3,4,3,2,4,3,2,2,3,3,1,0,9,1,3,3,3,4,3,3,3,1,4,1,3,4,3,2,3,1,3,2,3,2,3,2,0,9,9,9,9,9,9,9,9,9,9,9,9,3,2,4,2,3,3,2,0,9,1,5,3,3,4,3,3,3,4,4,4,3,2,1,2,1,3.0,3,2,1,0,8.0,2
201,4,4,4,4,3,4,3,3,4,3,3,3,3,3,3,0,9,0,9,3,3,4,3,4,3,3,4,4,3,4,4,3,4,4,3,3,4,2,4,4,0,9,9,9,9,9,9,9,9,9,9,9,9,0,0,0,4,0,0,0,0,2,0,9,4,4,4,3,4,4,3,5,3,3,3,1,1,1,4.0,3,1,1,0,8.0,2
202,3,5,4,5,5,4,5,4,2,4,5,4,2,2,0,1,9,1,0,4,2,5,4,4,4,2,4,4,4,3,4,5,4,4,4,4,4,4,4,2,1,4,2,1,4,4,5,4,2,5,4,3,0,9,9,9,9,9,9,9,9,2,1,5,4,4,4,4,5,5,5,4,4,4,2,1,2,1,7.0,3,5,1,4,8.0,2
203,3,5,4,3,4,4,2,5,4,2,2,2,2,4,4,1,1,0,9,4,2,5,2,4,5,5,4,4,5,4,4,4,3,4,5,5,5,5,4,4,0,9,9,9,9,9,9,9,9,9,9,9,9,5,2,2,2,2,2,2,0,11,1,3,4,3,3,4,3,0,5,4,3,3,4,2,2,1,8.0,6,3,2,0,8.0,2
204,4,4,4,4,4,5,4,4,3,3,3,4,4,4,2,0,9,0,9,0,4,4,0,2,2,3,2,3,4,4,4,5,4,4,4,4,4,4,3,4,0,9,9,9,9,9,9,9,9,9,9,9,9,5,3,3,4,1,3,3,0,11,1,0,5,5,4,5,3,4,4,5,4,4,4,2,2,1,8.0,6,3,2,0,0.0,2
205,3,5,4,4,4,3,4,4,3,3,3,3,4,4,2,1,1,0,9,4,3,4,3,3,3,4,4,4,5,4,4,4,4,4,4,3,3,3,3,3,0,9,9,9,9,9,9,9,9,9,9,9,9,5,2,3,3,3,2,1,0,2,0,9,4,4,4,5,4,4,5,5,4,4,3,2,3,1,8.0,11,3,2,4,8.0,2
206,1,5,4,3,2,2,4,3,4,5,3,3,3,3,4,0,9,1,8,5,3,5,2,4,3,2,5,5,5,4,4,4,4,3,4,4,4,4,4,5,1,5,5,4,5,4,4,4,3,3,3,4,0,9,9,9,9,9,9,9,9,9,0,9,4,5,4,4,2,2,4,4,4,4,3,3,2,2,5.0,1,2,2,3,7.0,1
207,4,4,3,3,2,3,4,3,5,4,4,5,4,5,1,0,9,0,9,5,3,4,2,4,3,4,4,4,4,4,4,5,4,4,3,4,4,4,4,4,1,4,4,3,5,5,5,5,5,4,4,3,0,9,9,9,9,9,9,9,9,2,1,6,5,4,4,4,3,3,2,4,3,3,2,1,1,2,2.0,1,2,1,2,7.0,1
208,2,4,4,4,4,2,4,4,4,3,3,3,3,2,4,0,9,1,4,2,2,3,3,4,3,3,3,4,4,4,3,2,4,4,4,4,4,2,2,5,1,4,4,3,3,4,4,2,2,2,2,3,0,9,9,9,9,9,9,9,9,9,1,1,2,4,4,4,2,1,3,2,1,5,3,2,1,1,5.0,1,2,1,4,4.0,1
209,2,5,4,4,4,3,4,3,4,3,3,4,4,3,3,0,9,1,0,4,5,4,4,4,4,5,4,3,5,4,4,4,3,4,5,4,3,5,5,4,1,5,3,4,5,5,5,5,5,4,5,4,0,9,9,9,9,9,9,9,9,9,2,0,4,5,5,5,4,3,5,5,5,5,2,2,1,1,5.0,1,1,1,3,7.0,1
210,2,5,5,3,2,3,2,5,2,4,4,4,4,5,1,1,1,0,9,2,5,5,4,5,4,2,4,3,5,4,4,4,2,3,4,2,3,4,4,4,1,5,5,5,5,5,5,4,5,4,5,3,0,9,9,9,9,9,9,9,9,7,1,0,5,3,5,5,4,3,5,5,5,3,3,3,1,2,5.0,3,2,1,4,7.0,1
211,4,4,4,4,4,2,1,2,5,4,2,4,3,3,1,1,9,1,0,2,2,5,2,4,5,2,4,4,4,4,5,5,4,4,4,4,4,4,4,4,1,4,4,4,2,2,2,4,2,4,3,4,0,9,9,9,9,9,9,9,9,10,0,9,4,3,4,3,4,5,4,5,5,4,2,1,2,1,2.0,4,2,1,1,6.0,1
212,4,5,4,3,4,2,2,4,4,4,3,3,3,4,2,0,9,0,9,3,2,4,2,4,3,3,3,3,4,2,3,4,4,4,4,4,4,4,4,4,1,4,4,3,5,4,4,3,4,3,4,4,0,9,9,9,9,9,9,9,9,9,0,9,4,4,4,3,3,3,4,4,4,4,4,3,1,1,2.0,1,2,2,0,1.0,1
213,4,5,4,4,4,2,1,4,5,4,1,1,1,1,3,1,1,0,9,4,4,4,5,4,3,3,4,3,4,4,2,1,4,4,4,4,2,4,4,5,1,5,4,2,5,5,5,5,3,4,2,3,0,9,9,9,9,9,9,9,9,9,0,9,5,5,4,4,3,4,4,4,2,4,1,1,1,1,5.0,1,1,1,3,2.0,1
214,2,4,4,4,4,2,5,4,4,3,4,4,3,3,3,0,9,0,9,4,2,4,3,4,3,3,3,3,2,4,4,3,3,4,3,4,4,4,4,4,1,4,2,4,4,4,4,4,3,4,3,3,0,9,9,9,9,9,9,9,9,2,0,9,4,4,4,4,2,3,3,3,2,3,1,2,1,1,2.0,1,1,1,1,6.0,1
215,4,4,5,5,5,4,1,4,4,4,1,1,1,1,5,0,9,0,9,3,2,4,2,4,2,1,4,4,5,4,4,1,5,4,5,4,5,4,3,4,1,5,4,1,5,4,5,4,3,4,4,5,0,9,9,9,9,9,9,9,9,1,0,9,4,4,4,4,3,3,5,5,3,4,3,1,1,1,2.0,1,1,1,2,4.0,1
216,1,4,4,2,4,4,1,2,2,3,1,1,2,2,4,0,9,0,9,4,5,4,4,5,4,2,4,4,3,3,2,4,2,4,5,1,1,4,4,4,1,5,1,4,4,4,5,5,2,4,2,1,0,9,9,9,9,9,9,9,9,2,0,9,3,4,5,4,2,1,4,3,2,1,1,3,2,2,4.0,1,2,1,3,7.0,1
217,4,5,5,4,4,3,2,4,4,4,3,3,3,3,4,1,1,0,9,4,4,4,4,3,3,3,3,4,3,4,4,3,3,5,4,3,4,5,3,4,1,5,4,4,5,5,5,4,4,5,5,3,0,9,9,9,9,9,9,9,9,9,0,9,4,5,4,3,4,3,5,5,3,4,3,2,1,1,1.0,1,1,1,1,4.0,1
218,5,4,4,4,5,2,3,3,4,3,2,4,3,4,2,0,9,0,9,3,2,4,5,3,2,2,2,3,4,3,4,3,3,4,4,4,4,4,4,4,1,5,4,5,4,4,4,4,4,4,4,4,0,9,9,9,9,9,9,9,9,2,0,9,5,3,4,4,4,2,4,4,2,3,3,3,1,0,1.0,1,2,0,1,4.0,1
219,3,5,5,3,3,2,2,4,3,4,4,4,4,4,3,0,9,0,9,4,4,5,3,5,3,3,5,4,4,4,4,4,5,4,5,4,4,5,5,5,1,5,4,5,5,4,5,5,4,5,4,3,0,9,9,9,9,9,9,9,9,2,2,0,4,3,4,4,5,4,4,4,3,4,3,1,0,1,3.0,1,2,1,2,7.0,1
220,2,5,4,3,4,1,5,4,5,4,4,4,3,3,1,1,1,0,9,2,4,5,3,4,2,1,4,3,5,4,4,3,4,4,4,3,3,2,2,5,1,5,4,3,5,4,4,4,4,4,3,3,0,9,9,9,9,9,9,9,9,2,1,5,4,4,5,3,4,3,4,4,3,3,2,1,1,1,1.0,1,2,1,2,4.0,1
221,2,4,5,5,4,3,4,3,4,5,2,4,3,4,2,0,9,0,9,2,2,3,4,4,4,4,5,4,4,4,4,4,3,3,2,4,2,3,4,4,0,9,9,9,9,9,9,9,9,9,9,9,9,1,5,3,3,1,0,5,0,1,0,9,4,5,4,4,3,3,5,4,4,5,1,2,1,1,3.0,1,1,1,3,5.0,1
222,1,5,5,3,2,1,5,5,5,5,1,2,1,2,3,0,9,0,9,3,2,5,2,5,2,3,2,3,4,4,4,5,4,5,4,4,4,2,4,4,0,9,9,9,9,9,9,9,9,9,9,9,9,5,1,1,1,1,1,1,0,1,1,5,4,4,5,4,3,2,5,4,5,2,1,2,0,2,5.0,1,2,2,1,6.0,1
223,4,5,5,5,4,3,1,4,4,4,3,3,2,3,3,0,9,0,9,2,3,4,2,4,3,2,3,4,4,4,4,3,4,4,4,4,4,2,3,4,1,5,3,2,5,4,5,5,3,4,4,5,0,9,9,9,9,9,9,9,9,1,0,9,4,3,5,5,4,3,5,5,4,4,3,1,1,1,4.0,1,1,1,3,6.0,1
224,4,5,5,5,4,5,1,4,5,5,4,0,3,1,4,0,9,0,9,4,4,5,2,5,5,2,5,2,5,4,4,2,5,4,4,4,3,2,3,4,1,5,4,5,5,4,5,5,5,5,3,3,0,9,9,9,9,9,9,9,9,2,0,9,3,2,4,2,5,1,3,5,3,2,1,1,2,2,4.0,9,4,2,5,6.0,1
225,3,4,4,2,2,3,2,3,2,4,3,3,3,3,4,0,9,0,9,2,3,4,3,4,3,3,4,3,3,4,3,3,4,4,4,4,4,3,4,4,1,4,3,2,4,4,4,4,3,4,4,3,0,9,9,9,9,9,9,9,9,2,1,3,3,3,4,4,4,3,5,4,4,3,3,1,1,2,5.0,15,1,1,5,2.0,1
226,3,4,4,3,3,2,4,3,4,4,2,4,3,3,2,0,9,0,9,4,3,4,4,4,3,2,5,4,3,4,3,5,3,3,4,4,4,3,3,4,0,9,9,9,9,9,9,9,9,9,9,9,9,2,2,2,4,3,2,1,0,1,1,5,4,4,3,3,5,4,5,5,3,3,2,2,1,1,4.0,1,1,1,3,6.0,1
227,4,5,5,5,5,2,4,5,3,4,4,4,5,5,1,0,9,0,9,5,2,5,4,3,4,3,3,4,3,5,5,4,4,4,4,4,5,3,3,5,1,4,4,4,4,2,4,4,3,5,3,4,0,9,9,9,9,9,9,9,9,1,1,5,4,4,4,3,2,2,4,4,3,4,3,2,1,1,1.0,1,1,2,1,1.0,1
228,3,4,4,3,4,3,2,3,5,5,4,4,4,4,1,0,9,0,9,4,4,5,4,2,2,1,4,4,4,2,4,5,4,4,5,3,2,4,2,3,0,9,9,9,9,9,9,9,9,9,9,9,9,4,2,2,2,1,2,1,5,2,0,9,4,4,4,5,5,3,4,4,5,4,3,3,1,1,4.0,0,2,0,3,5.0,1
229,4,5,5,3,5,2,4,4,5,5,3,4,1,1,2,0,9,0,9,3,2,5,2,4,3,3,4,4,4,4,4,3,4,4,4,4,4,4,3,5,1,5,3,1,5,5,5,5,4,5,4,0,0,9,9,9,9,9,9,9,9,2,1,1,5,3,4,4,5,3,5,5,3,3,1,2,1,1,1.0,1,2,0,1,1.0,1
230,4,4,5,4,4,1,5,4,4,4,4,5,5,3,2,0,9,0,9,3,4,4,4,5,3,2,4,3,4,4,3,5,4,4,4,3,4,4,4,4,1,5,5,3,5,5,5,4,5,5,4,5,0,9,9,9,9,9,9,9,9,3,0,9,4,4,4,3,4,1,4,4,3,3,1,1,1,1,3.0,1,2,1,2,1.0,1
231,2,5,5,2,5,1,4,4,3,5,3,4,3,3,3,1,1,0,9,4,4,5,4,3,3,1,4,4,2,5,4,1,3,3,3,4,5,3,4,4,1,5,4,2,4,5,5,5,5,5,5,4,0,9,9,9,9,9,9,9,9,2,1,1,4,2,5,5,5,3,5,3,5,3,2,3,1,2,1.0,1,2,0,1,1.0,1
232,3,4,4,4,4,1,1,4,5,3,3,2,1,3,4,0,9,0,9,3,4,5,4,3,5,3,4,5,4,4,3,4,3,4,4,4,4,2,3,4,1,4,2,2,5,4,4,3,3,3,4,4,0,9,9,9,9,9,9,9,9,3,0,9,4,3,3,3,3,3,4,5,3,2,2,1,2,1,1.0,1,2,1,1,1.0,1
233,2,4,4,4,4,1,1,2,4,5,3,3,3,4,1,0,9,0,9,4,3,5,1,4,3,4,2,4,3,5,4,4,3,2,5,4,4,5,5,5,1,5,2,4,5,4,4,4,3,3,4,1,0,9,9,9,9,9,9,9,9,1,0,9,4,4,4,3,3,1,5,4,3,2,1,1,1,1,3.0,1,1,1,1,3.0,1
234,2,4,4,3,4,4,3,3,5,4,2,2,2,2,4,1,1,0,9,2,4,3,4,3,3,2,5,3,2,4,4,4,2,3,4,4,3,2,4,2,1,4,3,5,4,5,5,4,3,3,3,3,0,9,9,9,9,9,9,9,9,9,0,9,4,3,5,5,4,3,4,4,3,4,3,3,2,2,6.0,1,1,1,3,6.0,1
235,4,4,4,3,3,2,5,4,4,4,3,3,3,3,3,0,9,0,9,2,3,4,3,4,3,3,4,4,4,4,3,3,3,2,3,3,3,4,4,4,0,9,9,9,9,9,9,9,9,9,9,9,9,2,2,4,3,2,2,2,4,3,0,9,5,4,4,5,3,3,4,5,3,3,3,1,1,1,3.0,1,1,2,1,3.0,1
236,4,4,4,4,4,1,5,4,4,4,3,1,3,3,2,0,9,1,2,4,3,4,3,4,4,3,3,4,3,4,4,3,3,4,4,3,4,4,4,4,1,5,3,2,5,5,4,4,3,4,3,5,0,9,9,9,9,9,9,9,9,9,0,9,4,4,4,4,3,2,3,3,5,4,4,3,1,2,2.0,1,2,2,1,1.0,1
237,4,3,3,4,4,4,4,2,5,4,2,4,3,3,2,0,9,0,9,3,5,4,4,3,4,2,4,3,3,3,4,2,3,4,3,3,3,3,3,4,0,9,9,9,9,9,9,9,9,9,9,9,9,2,2,2,4,2,2,2,0,9,0,9,3,4,5,5,3,3,3,3,3,4,4,3,2,1,3.0,1,2,1,3,4.0,1
238,4,4,4,4,5,2,4,3,5,4,4,4,2,2,1,1,1,0,9,0,2,4,2,3,2,2,2,4,4,5,4,5,4,4,5,3,4,4,4,5,1,5,5,3,5,4,4,4,4,5,4,5,0,9,9,9,9,9,9,9,9,2,0,9,4,4,4,4,5,4,4,5,3,4,2,2,1,1,1.0,1,1,1,1,5.0,1
239,3,4,4,4,3,2,2,4,4,4,3,3,3,4,3,0,9,0,9,3,3,5,3,4,3,3,3,3,3,4,4,3,3,4,4,3,4,3,3,4,1,4,3,4,5,4,3,3,3,3,3,3,0,9,9,9,9,9,9,9,9,2,0,9,4,4,4,4,2,3,3,4,3,2,2,3,1,1,1.0,1,2,1,1,4.0,1
240,4,4,4,3,2,2,2,5,4,3,3,3,3,3,3,0,9,0,9,2,2,4,3,4,2,4,4,3,4,3,4,3,2,4,4,2,3,2,1,2,1,4,4,4,5,4,4,4,4,4,4,3,0,9,9,9,9,9,9,9,9,3,2,0,4,4,4,4,2,3,3,4,2,3,2,1,0,1,3.0,0,2,1,5,6.0,1
241,4,5,4,4,5,2,1,3,4,5,3,3,2,2,4,0,9,0,9,3,2,4,4,4,3,2,3,4,4,3,3,3,3,2,4,3,4,3,3,4,1,4,4,4,4,4,4,4,3,5,4,3,0,9,9,9,9,9,9,9,9,9,0,9,4,4,5,5,3,3,3,4,5,4,2,2,1,1,1.0,1,2,2,1,4.0,1
242,3,4,4,2,4,4,1,5,4,4,4,4,1,2,4,0,9,0,9,2,4,3,2,5,3,4,5,4,4,4,4,3,4,4,5,2,4,4,2,4,0,9,9,9,9,9,9,9,9,9,9,9,9,2,2,5,5,3,3,1,0,10,0,9,5,5,5,5,4,3,4,4,4,4,2,0,2,2,4.0,1,2,2,3,7.0,1
243,2,4,5,5,5,3,1,3,5,4,1,1,1,1,4,0,9,0,9,3,2,5,2,3,3,3,3,4,3,4,4,3,3,4,1,3,4,4,4,5,1,5,5,3,4,5,5,5,4,4,4,5,0,9,9,9,9,9,9,9,9,4,1,7,4,3,5,5,4,3,4,4,5,5,1,2,1,2,2.0,13,2,1,1,4.0,1
244,3,4,4,5,4,4,1,3,5,2,2,2,2,2,4,0,9,0,9,3,4,2,4,3,3,3,4,3,3,2,2,4,3,2,4,4,3,2,2,4,0,9,9,9,9,9,9,9,9,9,9,9,9,2,2,2,4,2,2,2,0,9,0,9,1,4,4,5,4,2,4,4,5,4,1,2,1,1,2.0,1,1,1,1,1.0,1
245,4,5,5,3,5,2,2,3,5,5,3,4,3,3,2,0,9,0,9,2,3,4,2,4,3,3,3,4,3,4,4,4,4,4,5,3,3,2,3,4,0,9,9,9,9,9,9,9,9,9,9,9,9,2,1,2,4,1,1,1,0,9,0,9,4,4,4,5,5,3,5,5,3,4,3,3,1,1,2.0,1,1,2,1,1.0,1
246,3,5,5,5,4,2,3,4,4,4,1,1,1,1,5,0,9,0,9,2,2,4,4,4,1,1,3,4,3,4,3,2,3,4,5,4,4,3,3,4,1,5,4,1,5,5,4,4,4,5,4,4,0,9,9,9,9,9,9,9,9,2,1,3,4,2,2,2,3,3,5,5,1,2,1,3,1,1,4.0,1,2,1,2,3.0,1
247,3,4,5,5,4,2,3,4,5,4,1,1,2,3,2,0,9,0,9,4,4,4,4,2,5,2,2,4,4,4,4,5,2,2,5,4,4,4,3,5,0,9,9,9,9,9,9,9,9,9,9,9,9,3,2,4,2,2,2,3,0,1,0,9,4,4,5,5,5,4,4,5,3,2,2,1,1,1,1.0,1,1,1,1,1.0,1
248,4,5,4,3,3,3,3,4,4,4,3,3,3,4,3,0,9,0,9,4,4,4,3,5,4,4,4,4,5,5,5,5,4,4,5,4,4,4,4,5,0,9,9,9,9,9,9,9,9,9,9,9,9,3,4,3,2,2,3,4,0,9,1,0,5,4,4,4,4,4,5,4,4,4,4,2,1,1,3.0,1,1,1,3,7.0,1
249,4,4,4,2,4,4,2,4,4,4,2,2,3,2,3,0,9,0,9,1,4,4,5,4,3,4,3,2,4,4,4,2,2,4,4,2,2,1,1,4,1,4,4,4,4,3,4,4,4,4,2,3,0,9,9,9,9,9,9,9,9,9,1,0,5,5,4,4,4,4,3,4,2,4,2,2,2,1,7.0,1,1,1,3,5.0,1
250,3,4,5,5,5,2,1,1,4,3,3,3,4,2,1,0,9,0,9,2,4,4,2,3,2,2,4,4,1,4,4,4,4,4,4,4,5,3,2,4,1,5,3,2,5,5,5,2,2,4,4,3,0,9,9,9,9,9,9,9,9,2,1,0,4,4,4,4,5,2,4,4,2,2,2,2,1,1,4.0,1,1,1,3,1.0,1
251,4,4,4,3,4,3,1,3,5,4,2,2,3,3,4,1,1,0,9,2,4,3,4,4,2,3,3,2,2,2,2,4,4,4,4,4,3,4,4,4,1,4,2,4,4,4,4,4,4,4,4,4,0,9,9,9,9,9,9,9,9,2,0,9,3,4,4,4,3,3,4,5,4,4,3,3,1,1,3.0,1,2,1,2,6.0,1
252,4,4,4,5,5,4,3,4,4,4,1,5,4,5,1,0,9,0,9,2,3,4,3,4,3,2,4,4,4,4,5,3,4,4,5,3,4,2,2,2,1,5,3,3,5,4,5,5,3,4,3,4,0,9,9,9,9,9,9,9,9,2,0,9,4,3,4,4,3,3,3,4,3,3,0,2,1,2,6.0,1,1,0,4,6.0,1
253,5,5,5,4,5,1,1,5,4,5,3,4,3,3,3,1,1,0,9,4,3,5,2,4,5,3,3,4,4,5,4,4,4,4,4,4,4,4,4,5,1,5,5,4,5,4,4,5,4,4,4,5,0,9,9,9,9,9,9,9,9,2,1,5,5,2,4,4,5,4,5,5,4,3,3,1,1,1,2.0,1,1,1,1,6.0,1
254,2,4,5,3,3,3,1,4,4,4,1,1,1,1,5,0,9,0,9,4,4,4,3,4,2,1,5,2,3,4,4,4,4,4,4,4,3,4,4,4,1,5,4,1,5,5,5,5,5,5,5,3,0,9,9,9,9,9,9,9,9,2,1,0,3,5,5,3,5,2,4,4,4,4,4,3,3,2,2.0,2,2,1,1,6.0,1
255,5,5,5,2,5,2,1,2,4,5,3,3,3,3,3,1,1,0,9,3,2,4,2,4,3,1,3,3,4,4,4,4,3,4,4,4,4,4,4,4,1,5,4,2,4,4,5,5,5,4,3,5,0,9,9,9,9,9,9,9,9,9,1,5,4,4,4,3,3,4,5,5,5,5,4,1,1,1,1.0,1,2,1,1,2.0,1
256,3,4,4,4,4,2,2,4,4,4,3,3,2,2,2,0,9,0,9,4,3,4,3,4,3,3,4,4,3,4,4,4,3,4,4,3,3,4,4,4,1,4,3,3,4,4,4,4,4,4,4,3,0,9,9,9,9,9,9,9,9,2,0,9,4,4,4,4,3,3,3,3,3,3,2,2,3,1,4.0,1,1,1,2,6.0,1
257,2,4,4,4,4,1,1,4,4,3,1,1,2,2,4,0,9,0,9,2,2,4,4,4,2,2,4,3,4,2,4,2,4,4,4,4,4,4,2,2,1,4,2,2,4,5,5,4,2,4,3,2,0,9,9,9,9,9,9,9,9,2,0,9,4,5,4,4,2,2,5,5,3,4,4,2,1,1,3.0,1,1,1,5,3.0,1
258,4,5,4,4,4,1,4,4,5,4,4,5,3,5,1,0,9,0,9,3,0,2,4,4,3,2,3,4,4,4,4,4,4,3,4,3,4,4,3,4,1,4,4,3,4,4,4,4,4,4,4,4,0,9,9,9,9,9,9,9,9,9,0,9,4,4,5,4,2,3,5,4,4,4,1,2,1,1,2.0,1,1,1,1,4.0,1
259,3,4,4,4,4,2,4,3,4,4,3,3,3,3,3,0,9,0,9,4,3,5,3,4,3,3,4,3,4,5,4,4,4,4,4,4,5,4,3,4,1,5,4,4,5,5,5,3,4,5,4,5,0,9,9,9,9,9,9,9,9,1,0,9,4,4,4,4,3,3,4,5,3,3,3,3,1,1,4.0,3,1,1,5,6.0,1
260,4,5,5,4,3,3,2,3,5,5,3,3,5,5,1,0,9,0,9,2,3,3,2,4,4,2,3,4,4,4,2,4,0,4,5,4,4,3,2,4,1,5,5,4,5,4,5,5,2,4,3,5,0,9,9,9,9,9,9,9,9,2,0,9,4,4,3,4,3,1,4,4,4,3,3,2,1,2,3.0,1,2,2,1,6.0,1
261,3,4,4,5,4,2,2,3,4,5,3,3,3,4,2,0,9,0,9,4,3,4,3,3,3,3,3,4,4,4,4,4,4,3,4,4,4,4,4,5,1,4,4,3,5,4,5,3,3,4,3,4,0,9,9,9,9,9,9,9,9,9,0,9,4,4,4,3,2,3,4,4,3,4,2,3,2,1,1.0,1,2,1,1,6.0,1
262,2,4,4,4,4,3,1,2,4,4,3,3,3,3,3,0,9,0,9,3,3,4,4,4,1,2,3,4,4,4,4,2,4,4,2,3,3,3,3,4,0,9,9,9,9,9,9,9,9,9,9,9,9,2,5,4,3,2,4,5,0,1,0,9,3,4,4,4,4,2,2,3,2,2,2,2,2,1,4.0,1,1,1,3,7.0,1
263,5,5,5,4,3,4,2,4,5,5,3,5,3,5,2,0,9,0,9,3,3,4,4,4,3,4,3,4,4,5,4,4,3,4,4,4,4,4,4,4,0,9,9,9,9,9,9,9,9,9,9,9,9,5,4,4,5,2,2,1,0,1,1,8,5,3,4,4,5,3,5,4,4,4,3,1,1,1,6.0,11,3,1,2,6.0,1
264,4,4,5,3,4,3,4,5,5,5,4,3,2,2,3,0,9,2,0,4,5,5,2,4,2,3,5,3,4,4,4,2,4,4,4,3,3,3,3,4,1,5,3,2,5,1,3,3,3,4,2,4,0,9,9,9,9,9,9,9,9,1,0,9,5,4,4,3,5,4,3,4,1,4,1,1,1,1,5.0,1,2,1,4,4.0,1
265,3,4,5,4,4,3,1,3,4,3,1,1,1,3,4,0,9,0,9,4,3,5,2,4,5,1,3,3,4,4,3,3,2,2,3,3,3,4,4,5,1,5,4,2,4,5,5,5,3,5,2,1,0,9,9,9,9,9,9,9,9,2,1,5,4,4,3,2,3,3,5,4,3,3,3,2,2,2,1.0,16,1,1,1,6.0,1
266,4,4,5,5,3,4,1,3,4,5,2,2,4,3,3,0,9,1,5,3,2,4,2,2,1,1,4,3,2,4,2,2,4,2,3,3,4,4,4,3,1,5,5,4,5,5,5,5,5,5,4,5,0,9,9,9,9,9,9,9,9,2,0,9,4,4,3,4,5,5,4,5,2,4,2,1,1,1,1.0,1,1,1,1,3.0,1
267,4,4,4,4,4,3,1,4,5,5,4,4,1,4,1,0,9,0,9,2,3,4,4,3,3,2,5,2,4,4,4,3,5,4,5,3,3,2,3,3,1,5,4,5,4,4,4,4,3,3,3,3,0,9,9,9,9,9,9,9,9,9,0,9,5,5,5,5,4,3,4,4,3,4,3,2,2,1,3.0,1,2,0,5,4.0,1
268,4,4,4,5,5,2,1,3,5,5,3,3,4,4,2,0,9,0,9,2,4,3,2,3,3,3,3,2,3,4,4,3,3,3,4,4,4,3,4,4,1,5,3,3,5,4,5,4,4,4,3,5,0,9,9,9,9,9,9,9,9,9,0,9,4,4,4,4,4,3,5,5,3,4,3,3,1,2,4.0,1,2,1,3,2.0,1
269,4,4,4,4,4,2,4,5,5,4,1,1,1,1,4,0,9,0,9,3,2,4,2,3,4,2,3,3,4,4,5,5,4,4,5,4,4,4,4,5,0,9,9,9,9,9,9,9,9,9,9,9,9,4,3,4,4,2,3,3,0,2,0,9,5,5,4,4,2,4,4,4,4,2,2,2,3,1,2.0,1,1,1,1,6.0,1
270,3,5,4,4,3,2,4,4,4,5,3,5,3,5,2,0,9,0,9,4,5,5,3,4,4,3,4,4,4,5,3,4,4,4,5,4,4,4,4,5,1,5,3,2,5,4,5,5,3,4,3,0,0,9,9,9,9,9,9,9,9,9,0,9,4,3,3,4,3,3,4,5,4,3,3,3,1,2,1.0,1,1,1,1,7.0,1
271,2,5,5,3,4,4,2,2,4,4,4,2,2,4,2,0,9,0,9,4,5,4,3,4,5,2,4,4,3,4,4,2,3,4,4,4,3,4,4,4,1,5,3,4,5,4,4,4,4,4,3,3,0,9,9,9,9,9,9,9,9,2,0,9,4,3,3,4,2,2,3,3,3,4,3,2,2,2,4.0,1,2,1,3,7.0,1
272,2,4,5,2,4,2,4,5,5,5,2,2,2,2,5,1,1,0,9,4,4,4,2,5,5,1,5,2,4,4,2,4,4,4,4,2,4,4,4,4,1,5,2,2,5,5,5,5,5,5,5,5,0,9,9,9,9,9,9,9,9,2,0,9,4,2,5,5,5,2,5,4,5,2,2,2,1,2,2.0,15,1,2,2,6.0,1
273,4,5,4,4,4,4,1,3,4,4,2,2,3,3,5,0,9,0,9,2,3,4,4,4,2,2,4,4,4,4,4,3,4,4,4,4,4,4,4,4,1,4,3,4,5,5,5,4,4,4,3,3,0,9,9,9,9,9,9,9,9,1,0,9,4,4,4,5,3,3,4,4,3,4,3,2,1,1,2.0,1,1,1,2,3.0,1
274,4,4,5,3,5,2,2,4,4,4,3,4,4,3,4,1,0,0,9,2,4,3,5,4,3,3,4,3,3,4,3,2,3,2,4,3,2,1,2,4,1,5,2,4,5,5,5,4,3,4,2,4,0,9,9,9,9,9,9,9,9,1,0,9,4,5,5,5,5,2,4,3,3,5,1,1,1,1,6.0,1,1,1,4,2.0,1
275,3,4,5,4,4,3,3,4,5,4,3,3,3,3,4,1,1,0,9,4,4,3,4,4,3,3,3,4,4,3,4,3,3,4,5,4,4,2,2,3,1,5,1,4,4,4,4,4,4,3,3,3,0,9,9,9,9,9,9,9,9,1,1,4,4,4,5,5,5,4,5,5,4,3,3,1,2,1,,15,1,0,3,4.0,1
276,4,4,3,4,4,4,1,3,5,4,4,3,3,3,1,1,1,0,9,3,4,4,4,4,3,3,3,4,5,4,3,3,5,5,5,5,4,4,4,4,1,5,4,2,5,4,4,5,4,3,4,5,0,9,9,9,9,9,9,9,9,1,1,1,5,5,4,4,4,3,4,5,5,4,3,1,1,2,2.0,1,1,1,2,4.0,1
277,3,4,4,2,3,3,5,3,5,4,1,5,1,1,1,1,1,0,9,1,4,4,5,3,4,3,3,0,3,4,4,3,4,4,5,3,3,1,2,4,1,5,3,4,5,5,5,5,4,3,4,3,0,9,9,9,9,9,9,9,9,9,1,1,4,5,4,5,5,3,3,3,4,4,3,3,1,2,2.0,9,2,1,2,4.0,1
278,2,4,5,4,5,2,4,4,4,5,3,3,4,3,4,1,1,0,9,4,4,5,2,4,3,2,4,2,5,4,4,4,4,3,5,4,4,3,2,4,1,5,2,1,5,4,5,4,4,4,3,5,0,9,9,9,9,9,9,9,9,1,1,0,3,4,4,4,2,2,4,4,4,3,2,2,1,1,4.0,1,1,1,5,6.0,1
279,4,4,4,5,4,4,1,2,5,4,3,3,3,3,4,0,9,1,3,4,3,4,2,5,5,2,3,2,2,4,4,4,4,2,4,2,4,4,4,4,1,4,5,4,5,5,5,4,3,3,4,4,2,9,9,9,9,9,9,9,9,9,1,0,5,4,4,4,4,4,4,5,5,4,3,1,1,2,3.0,1,0,2,2,6.0,1
280,4,4,4,4,4,4,1,3,4,4,1,1,2,3,4,0,9,0,9,2,3,4,4,4,3,3,4,3,3,4,3,2,3,4,5,4,4,1,2,4,1,5,3,3,5,5,5,5,4,4,5,5,0,9,9,9,9,9,9,9,9,2,0,9,5,5,5,5,3,4,4,5,4,3,3,1,1,1,5.0,1,2,1,3,1.0,1
281,3,4,5,4,4,2,3,4,5,4,3,3,1,1,3,0,9,1,7,2,2,5,4,2,3,3,2,3,4,2,4,3,4,4,5,4,2,4,4,2,1,5,4,4,4,5,4,5,4,4,3,3,0,9,9,9,9,9,9,9,9,2,1,0,4,5,5,4,4,3,4,4,3,5,3,2,2,1,5.0,1,1,1,4,4.0,1
282,3,5,5,5,4,2,1,4,4,4,3,3,4,4,2,0,9,0,9,2,2,5,2,4,3,2,2,4,2,4,4,3,3,4,5,4,4,2,2,4,1,5,2,2,5,4,5,4,4,4,4,3,0,9,9,9,9,9,9,9,9,2,0,9,4,4,4,4,2,2,4,4,3,2,2,1,1,1,3.0,4,1,1,5,1.0,1
283,3,5,5,3,4,2,2,5,3,5,3,3,3,3,4,0,9,0,9,5,4,5,2,5,2,3,2,4,5,4,2,3,5,4,4,4,4,5,5,5,1,5,3,3,5,5,5,5,4,4,3,3,0,9,9,9,9,9,9,9,9,2,1,0,4,4,5,5,4,3,5,5,4,3,3,2,1,2,2.0,1,2,2,1,7.0,1
284,3,5,5,5,5,2,4,5,5,5,1,1,1,1,3,1,1,0,9,3,2,5,2,4,3,3,3,3,4,4,4,5,3,4,5,3,4,3,4,5,1,5,3,3,5,5,5,5,5,5,5,5,0,9,9,9,9,9,9,9,9,2,0,9,4,4,5,5,5,3,5,4,4,4,3,2,1,1,1.0,1,2,1,1,6.0,1
285,3,5,3,4,5,1,4,5,4,5,3,4,3,3,5,0,9,0,9,5,3,5,4,4,1,1,4,4,5,4,4,4,5,5,4,4,4,2,2,5,1,5,1,1,5,4,5,5,3,3,4,5,0,9,9,9,9,9,9,9,9,4,0,9,5,4,4,3,3,2,4,5,5,3,5,2,2,1,3.0,15,1,1,2,6.0,1
286,4,5,5,4,5,3,5,4,4,4,2,3,2,3,4,0,9,0,9,3,4,4,2,3,2,2,4,3,4,4,3,3,4,2,5,4,4,4,4,5,1,5,3,4,5,4,5,5,4,4,4,5,0,9,9,9,9,9,9,9,9,9,1,0,5,5,4,5,4,3,3,5,3,5,3,2,1,1,1.0,1,2,1,1,6.0,1
287,1,4,4,5,4,3,4,5,4,2,2,2,1,1,2,0,9,0,9,3,3,5,5,2,3,3,3,3,3,4,4,5,5,3,4,2,4,3,4,4,1,5,4,2,5,4,4,5,5,5,4,5,0,9,9,9,9,9,9,9,9,9,0,9,4,3,5,5,3,4,5,4,3,3,3,3,1,1,1.0,1,2,1,1,1.0,1
288,3,5,5,5,4,2,1,4,4,4,4,4,3,4,2,0,9,0,9,4,4,5,2,3,1,1,3,4,4,5,5,3,4,3,5,4,4,4,3,5,1,5,5,3,5,3,4,4,3,5,3,4,0,9,9,9,9,9,9,9,9,2,1,3,4,4,4,4,4,4,5,4,4,3,2,2,1,1,1.0,9,6,1,1,4.0,1
289,4,5,4,4,5,1,2,4,5,4,2,2,1,1,4,0,9,0,9,2,3,4,2,3,3,3,4,3,4,4,3,3,4,3,4,3,4,2,4,4,1,5,5,5,3,1,2,3,2,4,5,4,0,9,9,9,9,9,9,9,9,2,0,9,1,1,1,1,1,1,1,1,1,1,1,1,1,1,1.0,1,1,2,1,6.0,1
290,4,3,5,2,4,4,1,3,3,4,5,5,5,3,2,0,9,0,9,5,4,4,4,5,1,3,3,5,5,4,4,5,4,4,3,4,4,4,4,4,1,5,4,2,5,4,5,5,5,4,5,4,0,9,9,9,9,9,9,9,9,1,1,3,4,3,4,4,5,4,5,5,5,5,4,1,1,2,5.0,15,2,1,1,3.0,1
291,2,4,4,4,4,5,3,4,4,4,2,2,2,2,3,1,0,0,9,2,4,3,5,3,4,1,5,3,2,4,2,4,2,4,5,2,1,1,1,4,1,5,4,5,5,5,5,5,5,4,5,4,0,9,9,9,9,9,9,9,9,9,0,9,5,5,5,5,4,4,5,5,4,4,4,1,1,0,3.0,1,1,1,2,4.0,1
292,2,4,4,2,1,4,1,1,1,4,1,1,1,1,1,0,9,0,9,5,5,1,4,3,3,3,4,4,5,4,2,4,4,3,4,4,4,3,2,4,1,5,5,5,5,4,5,5,4,4,3,5,2,9,9,9,9,9,9,9,9,3,1,5,4,5,3,3,4,3,4,4,3,4,4,2,1,1,4.0,1,0,1,5,3.0,1
293,2,5,5,4,5,3,3,5,5,5,5,5,5,5,3,1,1,0,9,2,5,5,5,5,2,4,4,2,4,4,2,4,4,5,5,0,4,5,5,2,1,5,1,5,5,5,5,3,3,5,3,5,0,9,9,9,9,9,9,9,9,1,0,9,2,5,5,5,5,2,5,5,3,5,5,2,2,1,4.0,1,1,1,5,7.0,1
294,3,4,4,3,4,2,1,4,5,4,4,3,3,4,3,0,9,0,9,2,3,3,5,4,3,4,4,2,4,4,2,3,1,3,5,4,4,2,1,3,1,5,3,3,5,4,5,4,3,4,3,4,0,9,9,9,9,9,9,9,9,2,0,9,4,3,4,3,3,4,3,4,2,3,3,2,1,1,3.0,15,1,1,5,1.0,1
295,2,4,4,3,4,3,1,4,4,5,2,2,2,3,3,0,9,0,9,4,4,5,3,5,3,3,4,4,5,4,4,3,4,3,4,4,2,5,5,4,1,4,3,4,5,3,4,4,3,4,3,3,0,9,9,9,9,9,9,9,9,2,0,9,5,3,4,4,4,2,5,5,3,4,2,1,1,1,3.0,1,1,1,5,7.0,1
296,2,4,4,3,5,3,2,2,4,4,2,2,4,4,2,0,9,0,9,3,3,3,2,3,4,3,4,4,3,4,4,5,4,4,5,4,4,4,4,4,1,5,4,5,5,5,5,5,4,4,4,3,0,9,9,9,9,9,9,9,9,10,0,9,5,4,5,5,5,4,4,5,3,5,3,1,2,1,4.0,1,2,1,5,5.0,1
297,3,4,4,3,4,4,1,4,4,3,3,3,4,4,1,0,9,0,9,4,5,3,3,4,1,1,4,1,3,4,4,4,4,4,4,1,4,3,4,4,1,5,3,3,4,4,5,5,4,5,5,4,0,9,9,9,9,9,9,9,9,1,0,9,4,4,5,5,4,3,5,5,5,3,3,1,1,1,4.0,9,6,0,5,2.0,1
298,4,5,5,4,5,2,4,4,5,4,4,4,4,4,1,1,1,0,9,2,2,5,3,4,3,3,4,3,4,4,4,2,3,4,5,3,3,1,2,4,1,5,4,4,5,4,4,4,5,4,3,5,0,9,9,9,9,9,9,9,9,9,0,9,4,4,5,4,3,3,4,4,4,5,3,2,1,1,4.0,1,2,2,5,1.0,1
299,3,4,4,4,3,4,2,3,4,4,3,3,3,4,2,1,1,0,9,2,4,4,4,4,2,2,3,4,4,4,4,2,4,4,5,4,2,2,2,4,1,4,2,4,2,4,4,2,4,4,2,3,0,9,9,9,9,9,9,9,9,8,0,9,4,2,4,4,4,2,4,4,4,4,2,1,2,2,4.0,1,2,1,3,6.0,1
300,4,4,4,5,5,4,1,3,5,4,3,3,3,3,5,0,9,0,9,3,3,4,3,4,2,2,3,3,3,4,3,4,4,4,4,3,4,4,4,4,1,5,4,4,4,4,4,4,2,3,2,3,0,9,9,9,9,9,9,9,9,1,1,7,5,3,4,4,4,4,4,4,5,2,2,1,2,1,4.0,1,1,1,5,1.0,1
301,4,5,4,5,5,2,2,2,5,4,4,4,4,4,1,1,1,0,9,4,4,4,4,5,4,4,4,4,4,4,2,2,4,2,5,4,4,4,4,4,1,4,2,5,4,4,4,3,4,3,2,5,0,9,9,9,9,9,9,9,9,9,0,9,5,5,4,2,4,4,4,4,4,4,1,1,1,1,2.0,1,1,1,2,4.0,1
302,4,5,5,3,3,2,1,3,5,4,1,1,1,1,5,0,9,0,9,3,4,4,3,4,1,1,3,3,4,4,4,5,3,3,3,3,4,4,4,4,1,5,3,2,3,4,3,4,4,5,5,4,0,9,9,9,9,9,9,9,9,9,0,9,4,3,4,3,3,1,4,5,5,3,3,1,1,1,6.0,1,1,1,1,5.0,1
303,2,4,4,4,3,4,1,1,4,4,4,4,3,4,1,0,9,0,9,4,5,3,2,5,5,1,4,3,4,4,2,2,4,4,3,2,2,2,2,4,0,9,9,9,9,9,9,9,9,9,9,9,9,1,3,5,5,2,5,2,0,1,0,9,4,5,5,5,3,3,4,5,5,3,1,1,2,2,4.0,1,2,1,3,7.0,1
304,1,5,5,5,5,3,1,3,4,5,3,3,3,5,1,0,9,0,9,5,3,4,4,4,3,4,5,3,4,2,4,4,3,4,5,5,4,5,5,5,1,5,3,2,5,5,5,5,5,5,5,2,0,9,9,9,9,9,9,9,9,9,1,7,4,4,4,4,4,2,4,4,2,4,2,3,1,2,3.0,1,2,1,5,7.0,1
305,5,4,4,5,5,3,4,3,5,3,2,3,3,3,3,0,9,0,9,3,3,4,4,4,3,2,5,3,4,4,5,4,3,3,4,3,4,4,4,4,1,5,4,2,5,5,5,5,3,5,4,5,0,9,9,9,9,9,9,9,9,4,1,3,4,2,5,4,3,3,4,5,5,4,5,1,1,2,5.0,13,2,1,5,2.0,1
306,2,5,5,4,4,2,2,2,4,4,2,2,2,4,3,0,9,0,9,1,3,4,4,4,1,5,5,4,4,2,4,1,4,3,5,2,4,4,2,2,1,5,1,4,5,2,4,2,4,2,4,3,0,9,9,9,9,9,9,9,9,1,2,0,4,5,5,4,4,3,4,5,4,2,2,1,2,1,3.0,1,2,1,5,7.0,1
307,3,5,5,4,3,2,1,4,4,4,1,1,1,1,5,0,9,0,9,4,4,4,4,3,3,2,4,2,5,4,5,4,4,3,4,2,3,3,3,4,0,9,9,9,9,9,9,9,9,9,9,9,9,2,4,3,3,3,4,4,8,3,0,9,4,4,5,5,4,2,4,4,3,3,3,2,2,1,4.0,1,1,1,3,5.0,1
308,4,4,4,4,4,3,2,2,4,4,3,3,4,4,3,1,1,0,9,3,4,3,4,3,3,3,3,3,3,3,3,3,3,3,3,3,3,3,3,3,1,5,4,4,4,4,4,4,4,3,3,4,0,9,9,9,9,9,9,9,9,9,0,9,4,4,4,4,3,3,3,4,3,4,3,3,1,2,4.0,1,2,1,3,2.0,1
309,3,5,5,5,5,3,5,4,5,4,3,3,3,3,1,0,9,0,9,4,3,4,3,3,3,3,4,3,4,4,4,4,4,4,4,4,4,4,4,4,1,5,2,4,4,4,4,4,3,4,3,3,0,9,9,9,9,9,9,9,9,1,1,0,3,5,4,4,5,4,5,5,2,3,2,1,1,1,4.0,1,1,1,3,3.0,1
310,3,5,5,4,5,2,5,3,4,3,2,4,5,5,1,1,1,0,9,4,2,5,3,4,2,3,3,4,5,4,4,0,0,5,5,4,4,4,4,3,1,5,4,5,5,2,4,2,2,1,1,1,0,9,9,9,9,9,9,9,9,4,2,0,4,1,4,3,1,3,2,4,5,3,1,2,2,1,3.0,1,2,1,1,4.0,1
311,2,4,4,1,2,3,4,4,4,4,3,3,3,4,2,0,9,0,9,4,4,4,2,3,3,3,4,4,4,4,4,3,4,4,4,4,4,4,4,4,1,4,3,4,4,4,4,4,4,4,4,4,0,9,9,9,9,9,9,9,9,9,0,9,3,4,4,4,4,3,4,4,4,3,3,2,1,1,4.0,1,2,1,5,6.0,1
312,1,4,4,4,4,2,1,3,4,4,1,1,1,4,2,1,0,0,9,4,5,3,3,4,4,5,5,4,2,4,3,3,2,3,4,2,2,2,2,4,1,4,4,5,2,1,1,4,4,3,1,1,2,9,9,9,9,9,9,9,9,10,0,9,3,5,3,3,2,1,4,1,1,1,1,3,2,1,5.0,1,2,1,3,7.0,1
313,4,5,4,4,4,1,4,4,5,4,3,3,1,1,3,0,9,0,9,3,3,5,2,3,2,2,4,3,5,4,4,3,3,4,4,4,4,4,4,5,1,5,2,5,5,2,4,3,4,5,4,5,1,9,9,9,9,9,9,9,9,3,2,1,4,4,4,4,3,4,4,5,2,2,1,1,1,1,7.0,1,1,1,1,3.0,1
314,4,4,5,5,4,2,4,3,4,4,3,3,3,4,3,1,1,0,9,2,3,4,2,4,2,2,3,4,3,4,3,4,4,4,4,4,4,4,3,5,1,5,4,3,5,4,4,4,3,4,3,3,0,9,9,9,9,9,9,9,9,6,0,9,4,5,4,4,3,3,4,3,5,4,3,3,1,2,2.0,1,2,2,2,4.0,1
315,4,5,4,3,4,3,4,2,5,5,3,3,4,5,2,0,9,1,6,4,0,4,3,4,3,3,3,2,3,4,3,5,3,2,4,4,3,2,2,2,1,4,3,4,5,3,5,5,3,4,3,2,0,9,9,9,9,9,9,9,9,11,1,3,4,4,5,5,3,3,3,5,5,5,3,1,2,1,4.0,11,3,1,2,2.0,1
316,5,5,5,5,3,2,5,3,5,4,5,5,3,5,1,0,9,0,9,5,4,5,3,5,3,3,4,5,5,4,5,5,3,4,5,4,5,5,5,5,1,5,3,5,5,5,5,5,4,5,3,3,0,9,9,9,9,9,9,9,9,1,1,0,5,5,5,5,5,4,5,5,5,4,3,1,2,2,3.0,11,3,1,1,3.0,1
317,3,5,4,5,5,3,1,3,4,4,3,3,3,3,3,0,9,0,9,3,2,4,3,3,1,1,3,4,3,4,4,5,4,3,5,4,3,2,1,4,1,4,4,2,4,5,5,4,2,3,3,4,0,9,9,9,9,9,9,9,9,2,1,0,4,5,4,4,2,3,3,3,3,3,3,2,1,1,2.0,1,1,1,2,5.0,1
318,3,5,5,5,4,2,4,4,5,3,2,4,3,3,5,0,9,0,9,3,4,5,4,5,2,3,4,3,3,4,3,3,3,4,4,3,4,2,2,4,0,9,9,9,9,9,9,9,9,9,9,9,9,3,3,2,4,2,3,3,0,1,1,3,3,3,4,4,4,2,4,4,4,4,1,2,2,1,1.0,1,8,1,1,1.0,1
319,4,5,5,4,4,1,1,5,5,5,3,4,3,5,4,0,9,0,9,2,3,5,2,4,2,2,4,4,2,4,4,5,4,4,5,4,4,2,4,4,0,9,9,9,9,9,9,9,9,9,9,9,9,5,1,1,4,1,1,1,3,1,0,9,4,4,5,5,5,2,5,5,5,2,2,2,1,2,3.0,1,1,1,3,1.0,1
320,3,4,4,2,3,2,1,4,5,3,3,3,3,3,4,0,9,0,9,2,2,4,2,3,2,2,4,4,4,4,3,4,3,5,4,3,4,3,4,5,1,4,3,3,5,5,5,5,4,5,3,1,0,9,9,9,9,9,9,9,9,2,0,9,4,4,4,4,3,2,5,5,3,4,3,2,3,1,2.0,1,2,1,1,6.0,1
321,4,5,5,2,4,1,1,5,5,4,3,3,4,4,2,0,9,0,9,2,3,5,3,4,4,3,4,4,3,4,4,3,4,4,4,3,4,2,2,3,1,5,3,4,4,4,4,4,3,4,4,5,0,9,9,9,9,9,9,9,9,2,0,9,5,4,4,4,3,2,3,5,1,3,1,1,1,1,3.0,1,8,1,1,1.0,1
322,2,4,4,5,5,4,1,2,4,4,3,3,4,3,0,0,9,2,0,3,3,4,4,3,4,2,3,3,3,4,4,3,4,4,4,3,4,3,3,4,1,5,3,3,5,4,5,4,2,4,4,4,0,9,9,9,9,9,9,9,9,2,0,9,4,4,4,4,3,3,4,4,2,4,1,3,1,1,1.0,1,1,1,1,3.0,1
323,4,4,4,3,5,3,3,3,4,5,2,5,2,2,2,0,9,2,0,4,2,4,4,5,4,2,5,2,5,4,4,4,4,4,4,4,4,4,4,4,1,4,4,4,5,5,5,5,3,3,4,5,0,9,9,9,9,9,9,9,9,0,0,9,0,0,0,0,0,0,0,0,0,0,0,0,0,0,,0,0,0,0,0.0,1
324,3,5,4,3,4,2,4,5,4,4,3,4,3,3,3,0,9,0,9,2,3,4,1,3,4,3,4,3,3,4,3,3,4,5,4,3,4,2,3,4,1,5,4,2,5,2,3,3,3,4,5,4,2,9,9,9,9,9,9,9,9,2,1,5,4,4,5,4,2,2,3,4,1,1,1,2,1,1,4.0,1,2,1,2,4.0,1
325,3,5,5,4,5,3,5,3,5,4,4,4,4,5,1,0,9,0,9,2,3,5,4,4,2,4,4,2,3,4,3,5,4,4,5,4,4,2,2,4,1,5,4,4,5,5,5,5,5,4,5,5,0,9,9,9,9,9,9,9,9,9,0,9,4,5,5,5,2,2,5,4,3,3,1,2,1,2,4.0,1,2,1,5,6.0,1
326,4,5,5,4,4,3,1,4,4,4,3,3,3,4,4,0,9,0,9,2,4,5,3,4,3,3,4,4,4,4,4,4,4,4,5,4,4,2,4,4,1,4,3,3,5,4,4,4,3,5,4,4,0,9,9,9,9,9,9,9,9,9,1,5,4,4,4,4,3,3,4,4,3,3,2,2,1,1,2.0,1,1,1,2,1.0,1
327,4,5,3,2,2,2,4,4,4,5,3,3,3,2,2,0,9,0,9,4,4,4,4,2,2,2,3,3,4,4,4,2,3,4,5,4,3,4,3,4,1,5,4,4,5,5,5,5,3,3,3,3,0,9,9,9,9,9,9,9,9,4,0,9,4,4,4,4,4,4,4,4,4,4,4,3,2,2,6.0,1,2,1,3,2.0,1
328,2,4,4,3,4,2,2,4,4,4,4,4,4,4,3,0,9,0,9,4,2,4,3,4,5,3,3,3,5,2,3,4,4,4,4,3,3,3,3,3,1,5,3,3,5,4,5,4,5,3,4,2,0,9,9,9,9,9,9,9,9,1,1,6,3,4,4,4,3,2,2,3,3,3,2,3,2,2,4.0,1,2,2,3,7.0,1
329,3,4,5,4,3,2,1,2,5,4,2,2,2,3,4,0,9,0,9,3,3,4,4,3,3,3,5,4,4,4,4,5,4,4,5,4,4,4,2,4,1,5,2,3,5,4,5,4,3,4,3,5,0,9,9,9,9,9,9,9,9,2,1,3,4,4,5,4,5,2,4,5,2,2,2,1,1,1,4.0,1,2,1,5,6.0,1
330,3,3,4,5,5,5,5,3,5,3,3,4,3,3,3,0,9,0,9,5,3,5,2,4,2,2,2,4,5,4,4,4,4,4,5,4,4,4,4,5,1,5,2,4,5,5,5,5,5,3,4,5,0,9,9,9,9,9,9,9,9,11,0,9,4,5,5,5,3,4,5,5,5,5,5,1,1,2,4.0,1,1,1,3,6.0,1
331,4,4,3,3,3,2,3,4,4,3,2,2,2,2,4,0,9,0,9,3,2,3,3,4,3,2,3,4,3,4,4,4,3,3,3,4,3,3,2,2,1,5,3,1,5,5,5,4,3,4,3,0,0,9,9,9,9,9,9,9,9,2,0,9,4,3,4,5,3,3,4,3,5,3,2,2,0,0,3.0,16,3,1,2,4.0,1
332,4,4,4,5,5,1,5,4,4,4,3,4,3,3,2,0,9,0,9,3,3,5,2,4,2,2,3,2,4,3,4,4,4,4,5,4,3,4,2,4,2,9,9,9,9,9,9,9,9,9,9,9,9,4,3,3,5,2,3,3,0,1,0,9,4,3,5,5,3,4,5,4,3,4,2,1,1,1,4.0,1,2,2,4,4.0,1
333,3,4,4,5,5,3,1,4,4,3,3,3,1,2,4,0,9,0,9,2,2,4,4,3,3,4,4,2,3,4,3,4,2,4,4,2,4,3,2,3,1,4,5,3,4,2,3,3,2,3,2,2,0,9,9,9,9,9,9,9,9,3,1,1,5,4,3,3,2,2,3,4,3,3,2,2,1,1,3.0,1,1,1,5,2.0,1
334,1,4,3,4,4,4,1,4,4,4,3,3,3,3,4,0,9,0,9,4,2,4,4,4,4,2,4,2,4,4,4,4,3,4,4,3,4,4,4,4,1,4,4,4,4,4,4,4,2,4,4,2,0,9,9,9,9,9,9,9,9,10,0,9,4,4,4,4,4,2,3,2,3,3,1,1,2,1,5.0,6,2,1,0,1.0,1
335,4,4,4,4,4,4,1,3,4,4,2,2,2,2,4,0,9,0,9,3,3,4,4,4,4,2,4,3,3,4,4,4,4,4,4,4,4,2,4,3,1,5,4,3,5,5,5,5,3,5,4,3,0,9,9,9,9,9,9,9,9,2,1,5,4,4,4,4,4,3,4,4,4,4,3,2,2,2,3.0,15,7,2,5,2.0,1
336,4,5,4,4,4,3,1,2,2,3,3,3,3,4,2,0,9,0,9,4,2,5,2,3,4,2,2,3,5,5,4,3,5,4,4,4,3,4,4,4,1,4,2,3,4,4,4,4,4,3,3,3,0,9,9,9,9,9,9,9,9,2,0,9,4,4,5,5,4,3,3,3,3,4,2,2,3,1,2.0,1,1,1,1,7.0,1
337,2,4,4,4,5,2,1,2,4,4,3,3,3,5,1,1,1,0,9,4,3,4,3,4,2,3,4,3,3,4,4,3,3,2,3,2,3,3,4,4,1,5,2,3,4,4,4,3,4,4,4,3,0,9,9,9,9,9,9,9,9,9,0,9,5,4,4,3,3,3,3,4,4,4,3,3,2,1,1.0,1,1,1,1,7.0,1
338,4,4,4,4,4,4,2,4,4,4,2,2,2,4,3,0,9,0,9,4,3,4,4,3,4,2,4,3,4,4,4,4,4,4,4,3,4,4,2,4,1,5,3,4,5,5,5,5,5,4,4,3,0,9,9,9,9,9,9,9,9,2,0,9,4,4,4,4,4,3,4,5,4,4,3,3,2,2,3.0,15,1,1,0,0.0,1
339,1,5,4,4,4,1,1,5,5,5,1,1,1,1,5,1,0,0,9,5,1,5,3,4,3,3,4,4,4,5,5,4,4,0,4,4,4,4,4,0,0,9,9,9,9,9,9,9,9,9,9,9,9,3,1,1,5,3,1,1,0,9,0,9,4,3,4,4,4,4,4,4,3,3,3,2,1,1,2.0,1,2,1,1,7.0,1
340,3,5,5,4,4,3,5,4,4,4,5,5,2,4,1,0,9,0,9,2,4,5,4,4,3,3,4,3,4,4,4,3,4,4,4,4,4,4,4,4,1,4,3,3,4,4,4,4,4,4,3,3,0,9,9,9,9,9,9,9,9,4,1,3,3,4,4,4,2,2,4,3,4,3,2,2,1,2,4.0,1,2,1,5,4.0,1
341,4,5,4,4,5,2,2,3,3,2,2,2,2,2,2,1,1,0,9,4,3,4,3,4,3,3,4,4,4,4,4,4,4,4,5,4,4,4,3,4,1,5,4,2,5,4,4,4,4,4,4,4,0,9,9,9,9,9,9,9,9,1,0,9,5,5,4,4,3,5,5,4,3,3,3,2,1,1,1.0,1,1,1,1,6.0,1
342,3,3,3,3,3,2,2,3,4,4,4,4,1,1,2,0,9,0,9,4,2,4,4,4,5,2,4,4,5,5,5,5,5,3,5,5,5,5,5,5,1,4,4,1,4,4,4,4,4,4,3,4,0,9,9,9,9,9,9,9,9,1,1,0,5,1,4,4,5,4,3,3,3,2,2,1,1,1,2.0,15,2,1,1,3.0,1
343,3,4,4,3,3,2,4,3,4,4,4,4,4,3,1,1,1,0,9,3,4,4,4,3,2,2,4,3,4,4,4,4,4,4,4,4,4,4,4,4,1,5,3,2,5,5,5,5,5,5,5,5,0,9,9,9,9,9,9,9,9,2,0,9,5,5,5,4,3,3,4,5,5,4,3,1,1,2,5.0,1,2,1,3,6.0,1
344,4,5,5,5,5,2,1,4,5,4,3,3,3,3,2,0,9,0,9,2,3,5,2,4,2,1,4,4,4,5,2,3,4,4,5,3,5,2,2,4,1,5,3,3,5,5,5,4,5,5,4,4,0,9,9,9,9,9,9,9,9,2,1,5,5,4,4,4,4,4,5,4,5,3,3,2,1,1,5.0,0,1,0,5,1.0,1
345,4,5,5,4,4,2,1,3,4,5,4,4,3,4,1,0,9,0,9,4,3,4,5,4,2,2,5,3,4,4,4,4,2,3,4,3,4,4,3,4,1,5,4,4,5,5,5,3,5,5,4,5,0,9,9,9,9,9,9,9,9,2,0,9,5,3,5,5,3,2,4,5,3,4,3,3,1,2,3.0,1,2,1,5,6.0,1
346,4,4,3,3,4,4,1,2,5,3,3,3,4,4,2,0,9,1,5,2,4,3,4,4,1,1,4,3,3,4,2,3,3,4,5,3,3,2,1,4,1,5,4,2,5,4,4,3,3,4,4,4,0,9,9,9,9,9,9,9,9,2,0,9,5,4,4,5,5,2,4,5,1,4,2,1,2,2,4.0,1,1,1,3,6.0,1
347,2,5,4,3,3,3,4,5,2,4,3,3,3,3,5,0,9,0,9,4,5,5,4,4,2,3,4,3,5,3,3,5,4,4,5,4,4,2,4,3,1,5,3,2,5,3,4,5,3,4,4,5,0,9,9,9,9,9,9,9,9,9,1,0,4,4,5,5,4,3,4,4,4,5,3,2,1,1,3.0,1,1,2,1,6.0,1
348,4,3,4,4,5,2,1,3,5,3,2,4,4,4,1,0,9,0,9,4,3,2,2,5,2,2,2,4,2,4,3,3,4,4,3,4,4,3,2,5,1,5,5,5,5,3,4,4,2,4,3,4,0,9,9,9,9,9,9,9,9,9,0,9,5,5,5,5,3,1,4,4,1,2,1,2,1,1,5.0,1,2,1,3,6.0,1
349,3,5,5,2,2,1,4,5,5,5,5,5,3,3,2,1,1,0,9,2,4,5,4,4,1,1,5,2,2,3,3,4,2,2,1,2,1,2,4,5,0,9,9,9,9,9,9,9,9,9,9,9,9,4,1,4,5,1,1,1,0,2,1,5,5,4,5,5,3,4,5,5,3,1,1,3,1,2,2.0,1,1,2,1,6.0,1
350,3,5,5,5,5,2,5,4,5,5,4,2,3,4,1,1,1,0,9,2,2,4,2,4,3,3,4,2,4,4,4,4,3,4,4,3,4,2,3,5,1,5,4,4,5,5,5,5,3,3,3,4,0,9,9,9,9,9,9,9,9,4,1,2,4,5,5,5,5,4,5,4,4,5,3,1,1,2,5.0,1,2,1,3,6.0,1
351,3,5,5,4,5,4,4,4,3,4,4,4,3,4,2,0,9,0,9,4,3,4,5,5,3,5,4,4,4,4,5,5,4,4,4,3,3,4,4,3,1,5,3,4,5,5,5,4,4,3,4,3,0,9,9,9,9,9,9,9,9,1,0,9,4,5,4,5,2,3,4,4,3,3,2,2,2,1,3.0,1,1,2,5,7.0,1
352,3,5,4,3,4,1,4,2,5,0,4,4,3,5,1,1,1,1,6,2,4,4,5,5,2,3,5,1,2,4,2,3,2,4,2,2,4,2,1,4,1,5,5,3,5,5,5,5,3,4,3,4,2,9,9,9,9,9,9,9,9,2,0,9,4,4,5,5,5,3,5,5,5,4,3,1,1,1,6.0,9,6,1,3,1.0,1
353,3,5,4,3,3,2,2,5,5,5,3,4,3,3,1,0,9,1,3,3,3,4,5,5,3,3,4,2,4,4,5,4,4,3,5,4,3,3,3,3,1,5,3,4,5,5,5,5,4,4,3,3,0,9,9,9,9,9,9,9,9,1,1,5,4,5,5,4,5,3,4,5,5,4,3,1,2,1,5.0,9,6,1,3,6.0,1
354,2,5,5,3,5,1,4,4,5,4,4,4,3,3,2,1,1,1,8,2,2,4,3,4,3,3,4,2,4,4,4,4,2,2,4,3,4,2,3,4,1,4,4,2,4,4,4,4,3,4,2,4,0,9,9,9,9,9,9,9,9,11,1,7,4,4,4,4,4,3,4,4,4,3,3,3,1,1,4.0,1,1,1,3,6.0,1
355,4,3,3,3,4,4,2,3,4,4,3,2,2,1,2,1,1,1,4,1,3,4,3,4,4,3,5,4,4,3,4,4,4,4,5,3,3,3,2,3,1,4,3,4,4,5,5,4,4,4,4,4,2,9,9,9,9,9,9,9,9,1,1,1,5,5,5,4,5,3,4,5,5,4,3,1,1,1,2.0,9,6,2,2,4.0,1
356,2,4,4,4,4,2,2,3,4,4,2,4,3,3,2,0,9,1,5,4,5,4,2,5,4,5,4,4,4,4,4,2,2,4,2,4,4,4,4,4,1,4,2,2,5,3,3,3,4,3,2,2,0,9,9,9,9,9,9,9,9,1,1,6,4,5,4,2,2,2,3,5,2,4,2,1,1,1,2.0,1,1,1,2,7.0,1
357,2,4,5,2,1,5,2,5,5,3,3,3,1,1,4,0,9,0,9,2,3,5,3,4,5,2,4,2,2,4,4,2,3,2,4,3,4,2,2,3,1,5,5,4,5,5,5,3,3,4,4,4,0,9,9,9,9,9,9,9,9,2,0,9,2,4,4,5,5,2,4,4,3,3,1,3,2,2,4.0,1,1,1,5,6.0,1
358,3,4,5,5,5,2,3,4,5,4,4,5,1,3,3,0,9,1,7,4,3,4,3,4,3,3,4,4,4,4,4,4,4,4,4,4,4,4,4,4,1,5,3,1,5,4,5,4,2,4,5,5,0,9,9,9,9,9,9,9,9,2,0,9,4,4,5,5,3,2,4,5,5,4,3,3,1,1,4.0,1,1,1,5,1.0,1
359,2,5,4,3,4,2,5,5,5,4,4,4,4,4,2,0,9,0,9,4,4,5,1,3,1,1,3,4,4,4,5,5,3,4,5,4,4,4,4,5,1,5,3,3,5,4,5,5,5,5,3,4,0,9,9,9,9,9,9,9,9,2,1,5,4,4,4,4,5,4,5,5,4,3,4,2,1,1,2.0,1,2,1,1,1.0,1
360,4,4,4,4,4,3,1,3,5,4,3,3,1,4,1,1,1,0,9,2,4,4,3,3,2,2,3,4,5,4,4,4,4,4,4,3,4,3,4,5,1,5,5,3,4,3,5,5,4,4,4,4,0,9,9,9,9,9,9,9,9,9,0,9,4,4,4,4,4,4,4,4,3,4,3,1,2,1,2.0,1,2,2,2,4.0,1
361,3,5,5,3,4,1,1,1,4,5,4,1,3,1,3,1,1,1,6,5,0,2,1,4,3,3,3,4,5,4,4,4,5,5,5,5,5,5,5,5,1,5,3,1,5,4,5,5,5,4,4,5,2,9,9,9,9,9,9,9,9,0,1,3,5,3,5,4,5,3,5,5,3,3,3,1,1,2,1.0,1,1,2,1,3.0,1
362,2,5,5,3,5,4,3,5,4,4,3,3,2,3,3,0,9,1,7,3,2,5,2,4,3,4,4,2,4,4,4,4,4,3,4,4,4,4,3,4,1,4,5,1,5,5,5,5,5,4,4,3,0,9,9,9,9,9,9,9,9,9,1,3,5,5,4,5,4,3,5,4,4,5,4,3,1,1,3.0,1,2,1,5,2.0,1
363,2,5,5,2,4,1,2,4,4,4,1,2,2,2,4,0,9,0,9,4,4,4,4,3,3,3,4,3,4,4,2,4,3,5,4,3,4,4,4,4,1,5,3,3,4,4,4,5,3,4,4,3,0,9,9,9,9,9,9,9,9,2,0,9,4,4,4,4,3,3,4,4,3,4,3,2,1,1,2.0,1,1,1,1,7.0,1
364,2,5,5,3,5,3,2,2,5,5,3,4,1,1,4,0,9,0,9,2,3,5,1,4,1,1,4,2,3,4,4,4,4,4,4,4,5,4,4,5,1,5,1,1,5,5,5,5,3,5,3,2,0,9,9,9,9,9,9,9,9,9,1,3,3,3,4,3,3,1,4,4,5,3,3,3,2,2,3.0,6,2,1,5,6.0,1
365,3,4,4,4,5,4,1,4,3,4,2,2,2,2,4,0,9,0,9,2,2,4,4,3,4,2,3,4,4,4,3,3,4,2,4,4,5,4,4,4,1,5,2,2,5,4,4,4,3,4,4,5,0,9,9,9,9,9,9,9,9,1,0,9,4,4,4,4,3,3,5,4,2,3,2,1,1,1,4.0,1,8,1,3,6.0,1
366,4,4,5,3,5,5,1,3,5,4,2,2,2,2,4,0,9,0,9,4,4,4,3,4,3,3,4,4,4,5,5,5,4,4,4,3,4,4,4,5,0,9,9,9,9,9,9,9,9,9,9,9,9,2,2,4,4,3,2,2,0,6,1,5,4,4,4,4,3,3,4,5,4,4,2,2,3,1,3.0,9,4,1,1,6.0,1
367,2,5,4,4,4,2,1,5,4,4,3,4,3,3,3,0,9,0,9,3,4,4,3,4,4,3,4,4,5,4,4,4,3,2,4,4,4,4,4,4,1,5,2,2,5,4,4,4,3,4,4,4,0,9,9,9,9,9,9,9,9,3,0,9,4,4,4,3,4,3,4,5,3,3,3,2,1,1,3.0,1,1,1,1,6.0,1
368,3,5,4,4,5,2,1,5,5,5,4,4,3,3,2,1,1,0,9,4,2,4,4,4,3,2,2,3,4,4,4,5,4,4,4,3,4,4,4,4,1,5,3,5,4,5,5,4,3,4,3,3,0,9,9,9,9,9,9,9,9,3,0,9,4,5,4,4,3,4,4,4,3,3,2,3,2,1,5.0,1,2,1,4,3.0,1
369,2,4,4,1,3,3,1,4,4,4,1,1,2,3,4,0,9,0,9,4,4,5,4,4,1,3,4,3,3,4,4,4,4,4,4,4,4,4,4,4,0,9,9,9,9,9,9,9,9,9,9,9,9,2,2,4,3,2,2,2,0,4,0,9,4,4,4,4,3,3,4,4,4,4,4,2,2,1,2.0,1,2,1,1,7.0,1
370,4,4,4,4,5,4,1,5,4,3,2,4,2,2,4,0,9,0,9,4,2,4,4,4,2,2,4,3,4,4,3,3,4,4,5,3,2,3,4,4,0,9,9,9,9,9,9,9,9,9,9,9,9,3,3,2,4,2,3,3,3,2,0,9,5,5,4,4,5,5,5,5,3,3,3,2,3,1,1.0,1,2,1,1,,1
371,3,5,5,5,3,1,4,5,5,5,5,5,4,4,1,1,1,0,9,4,4,5,4,4,3,3,4,3,5,4,4,4,4,4,4,4,4,4,4,4,0,9,9,9,9,9,9,9,9,9,9,9,9,3,1,4,4,1,1,1,8,2,1,3,4,4,4,4,3,4,5,5,5,5,5,3,1,1,7.0,9,6,1,1,4.0,1
372,3,5,4,3,4,2,4,5,5,3,3,4,4,4,3,0,9,0,9,2,2,4,2,3,4,4,3,4,5,4,4,3,4,4,4,4,4,2,3,4,1,5,4,4,5,4,4,4,3,4,4,4,0,9,9,9,9,9,9,9,9,9,0,9,4,3,4,4,3,3,4,3,3,3,3,2,1,2,4.0,1,2,1,3,4.0,1
373,2,4,4,4,3,3,2,5,4,4,3,3,3,3,4,0,9,0,9,2,4,4,4,4,3,2,4,4,4,4,4,2,4,4,4,3,4,2,2,4,1,4,3,3,5,5,4,4,4,3,2,4,0,9,9,9,9,9,9,9,9,6,0,9,4,4,4,4,4,3,5,5,3,4,2,2,1,0,4.0,1,2,1,3,6.0,1
374,4,4,4,4,5,4,2,3,4,4,3,3,2,4,3,1,1,0,9,3,4,4,4,4,2,2,0,4,4,3,3,3,4,4,4,4,3,2,2,4,1,4,2,4,5,5,4,3,3,4,3,3,0,9,9,9,9,9,9,9,9,9,0,9,4,3,4,5,4,4,4,5,3,4,3,3,2,1,4.0,1,2,2,5,4.0,1
375,4,5,4,2,3,3,4,4,2,4,3,3,3,4,1,0,9,0,9,4,4,5,3,3,3,3,4,4,4,4,3,3,4,4,4,4,3,4,4,4,1,5,2,2,5,4,4,4,3,4,4,3,0,9,9,9,9,9,9,9,9,1,0,9,4,3,4,3,3,2,3,4,2,1,1,1,1,1,1.0,1,2,1,1,7.0,1
376,1,4,4,4,4,4,1,4,5,3,3,3,3,3,3,1,1,1,5,2,4,3,4,4,3,2,4,3,3,2,2,1,3,3,4,3,3,2,2,3,1,4,2,3,4,4,4,4,4,3,3,4,0,9,9,9,9,9,9,9,9,2,0,9,5,4,4,4,4,2,3,4,3,4,2,1,1,1,3.0,1,1,1,5,1.0,1
377,4,5,5,5,4,1,1,5,5,5,3,3,3,3,5,1,1,0,9,2,4,4,4,4,3,3,3,3,5,4,4,3,5,4,3,3,2,4,3,3,1,5,4,3,5,4,4,4,3,4,4,4,0,9,9,9,9,9,9,9,9,9,0,9,5,4,4,4,3,3,5,5,3,3,3,2,1,1,2.0,14,1,1,1,4.0,1
378,3,5,4,5,4,2,2,4,4,3,2,2,2,3,2,0,9,0,9,4,2,5,4,3,3,2,2,4,4,4,4,0,0,4,3,4,4,4,3,4,0,9,9,9,9,9,9,9,9,9,9,9,9,1,2,4,2,1,2,2,0,2,1,5,5,5,5,5,4,5,4,4,4,5,2,2,0,2,2.0,11,1,2,1,4.0,1
379,3,4,4,5,5,2,3,4,3,4,3,3,4,3,3,1,1,0,9,3,3,4,4,3,3,3,3,3,4,3,3,4,4,3,4,4,3,4,4,3,1,5,4,3,4,4,3,4,4,4,3,3,0,9,9,9,9,9,9,9,9,2,0,9,4,4,4,3,2,3,3,3,3,3,2,3,2,1,1.0,1,2,1,1,6.0,1
380,3,4,4,4,4,3,3,2,5,4,1,1,2,1,4,0,9,0,9,3,4,4,3,3,3,2,3,4,4,4,4,3,4,3,5,4,2,4,2,4,1,5,4,5,5,5,5,5,5,4,2,4,0,9,9,9,9,9,9,9,9,2,0,9,4,4,5,5,3,1,4,4,5,4,1,3,1,1,5.0,1,2,1,5,6.0,1
381,4,5,4,3,3,2,1,4,4,4,4,4,4,4,2,0,9,0,9,3,4,4,3,4,1,1,3,4,3,4,0,4,3,3,4,4,4,3,4,4,1,5,5,3,5,3,4,3,5,5,3,5,0,9,9,9,9,9,9,9,9,2,0,9,4,4,5,4,2,3,4,4,4,3,3,2,1,1,1.0,1,2,1,1,6.0,1
382,4,5,5,4,5,2,5,3,4,4,3,4,3,3,2,0,9,0,9,2,3,4,4,4,4,2,4,2,2,4,3,4,4,4,4,4,3,2,2,4,1,5,2,2,5,4,4,4,4,4,3,3,0,9,9,9,9,9,9,9,9,2,1,8,4,4,4,3,3,3,5,4,4,5,3,3,2,2,3.0,1,2,1,5,2.0,1
383,4,5,5,3,4,2,2,4,4,3,4,5,2,2,2,0,9,1,5,2,3,4,4,4,2,2,2,3,4,2,2,3,3,4,4,4,4,2,3,5,1,4,4,2,5,3,4,4,2,3,2,3,0,9,9,9,9,9,9,9,9,2,0,9,4,4,4,4,2,4,3,4,3,3,3,2,1,1,2.0,1,2,1,2,4.0,1
384,3,5,4,5,5,4,5,5,5,2,1,3,3,3,5,0,9,0,9,4,5,5,3,4,2,4,3,4,2,5,3,3,4,4,4,5,5,2,5,5,0,9,9,9,9,9,9,9,9,9,9,9,9,3,1,2,2,1,1,5,0,2,0,9,4,4,3,3,3,4,4,5,5,3,2,2,1,1,5.0,9,6,2,4,1.0,1
385,4,5,5,1,1,5,3,2,3,4,1,1,1,1,5,0,9,0,9,5,5,4,5,2,4,1,5,1,4,4,2,3,4,2,5,3,1,5,5,4,1,5,5,3,5,5,5,5,4,4,4,5,0,9,9,9,9,9,9,9,9,2,1,1,5,5,4,4,2,2,4,5,5,5,5,3,1,2,1.0,1,2,1,1,7.0,1
386,2,5,5,5,5,2,3,5,4,4,3,3,3,4,3,1,1,0,9,2,3,5,3,4,4,3,3,3,4,4,3,4,4,4,4,4,4,3,4,4,1,5,3,3,4,4,4,4,4,5,3,3,0,9,9,9,9,9,9,9,9,2,0,9,3,3,4,4,3,3,4,4,4,4,4,2,1,2,1.0,7,2,1,1,1.0,1
387,3,5,4,4,4,2,2,4,4,4,3,3,3,3,4,0,9,0,9,2,2,4,2,4,1,2,5,2,4,4,5,1,4,4,4,4,4,2,4,4,1,5,4,2,5,5,5,5,3,4,5,3,0,9,9,9,9,9,9,9,9,2,0,9,4,4,4,5,4,4,5,5,3,3,3,2,1,1,4.0,1,2,1,5,3.0,1
388,4,4,5,4,5,2,2,4,4,4,2,2,4,4,1,1,1,0,9,4,4,3,3,4,2,4,5,4,4,4,5,3,3,4,4,4,4,4,4,4,0,9,9,9,9,9,9,9,9,9,9,9,9,4,3,2,5,2,3,3,0,11,0,9,4,4,4,5,4,3,4,5,4,4,5,2,2,2,4.0,1,1,1,3,6.0,1
389,2,4,4,4,2,4,2,2,5,5,3,3,2,2,5,1,0,0,9,2,3,4,2,4,2,2,4,3,4,4,5,5,4,3,4,4,4,2,2,4,1,5,3,5,5,5,5,5,3,5,3,3,0,9,9,9,9,9,9,9,9,9,0,9,3,4,5,5,4,2,5,4,3,4,4,2,2,2,6.0,12,1,1,5,6.0,1
390,1,4,4,4,4,4,2,4,5,4,2,2,2,2,5,0,9,0,9,3,5,4,4,4,4,4,4,3,5,5,5,5,4,4,4,3,2,2,3,4,1,5,2,5,5,5,5,5,4,4,2,3,0,9,9,9,9,9,9,9,9,9,0,9,5,4,4,4,3,2,5,4,4,5,3,2,1,1,5.0,1,1,0,3,7.0,1
391,4,5,5,5,5,4,1,4,5,5,2,4,3,3,2,0,9,0,9,3,5,4,5,5,3,3,4,2,4,4,4,4,2,4,5,4,4,4,4,4,1,5,2,2,5,5,5,5,3,4,4,5,0,9,9,9,9,9,9,9,9,3,1,5,5,4,4,3,3,4,4,4,1,4,2,2,1,1,5.0,1,1,1,5,3.0,1
392,2,5,5,3,1,2,5,4,4,4,3,3,3,4,5,0,9,0,9,2,4,4,3,3,2,3,4,3,4,4,4,5,4,4,5,4,4,1,1,4,1,4,2,3,4,4,4,4,3,4,4,4,0,9,9,9,9,9,9,9,9,2,0,9,4,5,5,5,5,2,4,4,5,5,4,2,2,1,4.0,3,1,2,2,6.0,1
393,4,4,4,3,3,3,4,3,3,3,3,3,3,3,3,0,9,0,9,4,4,3,3,3,3,3,3,3,3,3,3,3,3,3,3,3,3,3,3,3,1,4,3,3,3,3,3,3,3,3,3,3,0,9,9,9,9,9,9,9,9,9,2,0,5,3,3,4,4,2,3,5,5,3,3,3,1,1,2.0,9,6,0,1,6.0,1
394,5,4,4,5,5,4,5,3,4,4,5,5,3,3,1,0,9,0,9,4,4,5,1,3,5,3,4,4,5,4,4,4,4,4,4,5,4,5,5,5,1,5,3,4,5,4,5,5,5,5,3,4,0,9,9,9,9,9,9,9,9,1,1,5,5,4,4,4,3,2,4,4,4,4,2,2,1,2,2.0,15,2,1,5,2.0,1
395,2,5,4,1,2,3,5,2,3,4,2,2,2,4,3,0,9,0,9,4,4,5,3,4,4,4,4,3,4,4,4,4,4,3,5,4,4,4,4,5,1,5,2,3,5,4,4,3,5,3,3,1,0,9,9,9,9,9,9,9,9,2,1,6,4,3,4,4,3,2,4,4,2,4,2,2,2,1,5.0,1,0,1,3,7.0,1
396,2,5,4,4,5,3,2,4,4,5,2,2,3,3,3,0,9,0,9,4,3,4,2,4,3,3,4,4,4,4,4,2,3,4,4,3,4,4,4,4,1,5,4,3,5,2,4,4,3,4,4,3,0,9,9,9,9,9,9,9,9,1,0,9,4,4,4,3,2,2,4,3,2,4,3,3,2,1,3.0,1,2,2,5,7.0,1
397,3,5,5,2,2,2,3,4,4,5,3,3,4,5,3,0,9,0,9,4,3,3,3,4,3,3,4,5,5,4,4,5,4,3,5,4,3,4,4,3,0,9,9,9,9,9,9,9,9,9,9,9,9,3,4,3,4,3,4,3,0,2,0,9,4,4,4,4,4,3,4,3,3,4,3,1,2,1,4.0,1,1,2,3,7.0,1
398,4,5,4,5,4,2,5,4,4,5,2,3,2,4,3,0,9,0,9,3,4,4,3,4,3,2,4,3,4,4,3,4,3,4,4,4,4,4,3,4,0,9,9,9,9,9,9,9,9,9,9,9,9,2,2,4,5,2,2,2,0,9,0,9,5,5,4,4,4,3,5,5,5,5,4,2,1,2,3.0,1,2,2,3,7.0,1
399,3,5,4,4,3,1,1,5,3,4,1,1,2,4,3,0,9,0,9,2,3,5,4,4,2,3,3,4,4,4,3,2,3,4,5,3,4,4,4,3,1,5,2,3,4,4,5,5,3,3,3,3,0,9,9,9,9,9,9,9,9,2,0,9,4,5,4,3,3,3,4,4,3,4,3,3,2,1,4.0,1,1,1,3,7.0,1
400,2,4,5,1,0,2,3,2,4,4,3,3,3,3,5,0,9,0,9,4,4,4,2,5,2,2,5,4,4,4,4,3,3,4,5,5,3,4,4,4,0,9,9,9,9,9,9,9,9,9,9,9,9,2,2,2,2,1,2,5,0,9,0,9,4,5,4,4,3,2,2,4,3,4,3,3,2,1,4.0,1,1,2,3,7.0,1
401,4,5,2,0,4,1,1,5,4,2,3,3,3,3,4,0,9,0,9,4,1,5,4,4,5,3,4,5,2,2,4,3,4,4,5,3,2,5,2,2,0,9,9,9,9,9,9,9,9,9,9,9,9,1,1,1,5,1,1,1,0,1,1,8,5,5,5,4,3,3,5,5,3,2,1,3,1,1,2.0,1,1,1,1,7.0,1
402,1,5,4,4,4,4,2,3,4,4,1,1,2,5,2,0,9,0,9,2,4,4,3,4,4,4,4,4,3,4,5,4,3,4,5,2,4,4,4,5,1,5,1,2,5,4,4,4,5,2,2,1,0,9,9,9,9,9,9,9,9,9,1,5,3,3,4,5,3,1,5,4,2,2,1,2,1,2,2.0,1,2,2,2,7.0,1
403,3,5,5,4,4,3,3,4,4,3,2,3,1,4,3,0,9,0,9,0,0,0,0,0,0,4,5,5,4,4,2,3,4,5,4,4,3,3,4,4,1,4,3,1,5,4,4,4,4,4,5,4,0,9,9,9,9,9,9,9,9,1,0,9,5,5,4,4,3,3,3,4,4,3,3,2,2,1,2.0,1,2,1,1,7.0,1
404,3,4,3,4,5,3,2,5,5,4,2,4,3,3,3,0,9,0,9,3,5,4,4,4,3,2,4,3,5,4,2,3,4,4,4,4,3,3,4,4,1,5,4,4,5,5,4,4,3,3,3,5,0,9,9,9,9,9,9,9,9,9,0,9,4,5,4,4,2,4,5,4,3,5,3,2,1,1,2.0,1,2,1,2,6.0,1
405,4,4,3,4,4,2,4,3,5,4,2,2,2,2,4,0,9,0,9,4,5,4,2,3,2,2,4,3,4,4,4,4,3,4,5,4,4,3,3,4,1,4,4,4,4,4,4,4,3,4,3,3,0,9,9,9,9,9,9,9,9,9,0,9,5,4,4,4,5,3,4,5,3,3,3,1,1,1,1.0,1,1,1,1,2.0,1
406,2,4,4,5,4,3,4,3,4,4,1,1,3,1,5,0,9,0,9,3,4,4,3,3,2,2,5,3,4,4,4,5,4,3,3,3,3,4,3,5,1,5,3,3,5,4,4,5,3,4,3,4,0,9,9,9,9,9,9,9,9,9,0,9,3,4,4,4,3,1,4,4,4,4,3,3,1,2,3.0,1,1,0,1,2.0,1
407,2,4,4,4,4,2,5,3,4,4,3,3,3,3,3,1,1,0,9,3,3,4,3,4,4,3,4,3,3,4,4,3,4,4,5,4,4,2,4,3,1,4,2,3,4,4,4,5,5,5,2,4,0,9,9,9,9,9,9,9,9,1,1,3,3,2,4,4,4,3,5,4,4,3,3,1,1,2,5.0,1,0,2,3,6.0,1
408,2,4,4,4,4,3,2,2,4,3,2,2,2,3,3,1,1,0,9,2,2,4,2,4,3,2,4,3,4,4,4,4,2,4,3,2,4,4,4,4,1,4,4,4,4,4,4,4,4,4,2,4,0,9,9,9,9,9,9,9,9,11,1,5,3,5,4,3,4,2,5,4,4,5,3,2,1,1,5.0,1,0,1,4,1.0,1
409,4,4,4,4,4,2,2,5,4,3,3,3,3,4,2,0,9,0,9,2,3,4,4,3,3,3,4,3,3,3,4,1,3,4,4,3,3,2,3,3,0,9,9,9,9,9,9,9,9,9,9,9,9,2,4,3,4,2,4,3,0,2,0,9,4,5,4,4,2,3,4,4,3,3,2,2,1,1,3.0,1,2,2,3,4.0,1
410,4,4,4,5,5,5,1,5,4,3,3,3,4,4,1,0,9,0,9,1,3,4,4,4,3,1,5,3,4,5,3,4,2,5,5,5,5,1,3,5,1,5,3,1,5,5,5,5,5,5,5,5,0,9,9,9,9,9,9,9,9,4,2,0,5,4,5,5,3,3,5,5,5,5,3,2,1,1,2.0,1,1,2,2,6.0,1
411,2,4,4,4,4,2,2,3,4,3,2,2,2,2,4,0,9,0,9,3,3,4,2,3,3,3,3,3,4,4,4,4,3,4,4,4,4,4,4,4,1,4,2,4,3,4,4,3,3,4,3,3,0,9,9,9,9,9,9,9,9,9,1,1,4,3,4,4,3,3,4,3,3,3,3,2,2,1,1.0,1,2,1,1,1.0,1
412,2,5,5,4,4,1,1,4,5,4,1,1,3,3,4,0,9,0,9,5,4,5,3,2,2,2,4,4,3,5,4,4,4,3,5,4,4,5,5,5,1,5,2,3,5,4,5,3,4,5,4,5,0,9,9,9,9,9,9,9,9,1,2,0,4,3,5,4,4,3,5,4,4,5,4,3,1,1,4.0,1,2,2,3,6.0,1
413,3,4,4,4,4,2,2,5,4,3,1,1,1,1,5,0,9,0,9,3,4,4,5,4,3,1,4,3,4,4,4,3,3,2,4,1,3,4,2,3,1,4,4,2,5,5,5,5,4,4,3,3,0,9,9,9,9,9,9,9,9,4,1,5,5,5,5,5,3,4,4,4,3,4,1,2,2,1,3.0,1,2,2,2,6.0,1
414,2,4,4,4,4,4,1,4,4,4,3,3,2,3,4,1,1,0,9,4,2,4,4,2,3,3,4,4,5,4,3,1,5,4,5,4,4,4,3,5,1,5,2,4,5,4,4,4,4,4,2,4,0,9,9,9,9,9,9,9,9,9,0,9,2,2,4,4,4,2,5,4,2,4,2,2,1,1,5.0,1,1,1,4,4.0,1
415,4,4,4,4,5,3,1,4,5,4,3,3,3,3,5,0,9,0,9,4,5,4,4,3,3,3,4,4,3,4,4,5,4,5,4,3,4,4,4,3,1,4,4,4,5,5,5,5,4,4,4,3,0,9,9,9,9,9,9,9,9,4,0,9,4,4,4,5,3,3,3,3,3,4,3,2,2,1,3.0,1,1,1,2,2.0,1
416,2,4,4,3,4,2,4,2,4,3,3,4,3,4,1,0,9,0,9,4,4,4,4,3,1,1,3,2,4,4,4,2,2,4,5,3,3,4,4,4,1,5,2,3,4,5,4,3,2,4,3,2,0,9,9,9,9,9,9,9,9,2,0,9,4,4,4,4,4,2,4,4,4,2,2,2,3,1,4.0,1,2,2,2,6.0,1
417,4,5,5,5,5,5,3,4,5,5,3,3,3,4,2,1,1,0,9,2,4,4,5,5,1,1,2,4,5,5,5,3,3,4,5,4,4,4,4,4,1,4,4,5,5,5,5,3,4,2,2,2,0,9,9,9,9,9,9,9,9,1,0,9,5,4,4,4,3,3,3,5,3,4,3,1,1,1,6.0,1,1,1,4,4.0,1
418,4,4,4,4,4,2,4,3,5,4,1,1,1,1,3,0,9,0,9,4,4,4,4,4,4,2,4,3,4,4,4,4,4,3,4,3,3,4,4,4,1,5,4,4,4,4,4,5,5,5,4,5,0,9,9,9,9,9,9,9,9,9,0,9,4,4,4,4,4,3,5,4,5,3,3,1,1,1,5.0,9,6,1,3,2.0,1
419,4,5,3,3,5,1,5,4,5,5,3,4,1,1,1,0,9,0,9,4,3,4,3,3,3,2,2,4,4,4,5,3,4,4,5,5,4,5,4,4,0,9,9,9,9,9,9,9,9,9,9,9,9,5,1,1,3,1,1,1,8,1,1,5,4,4,3,3,2,1,4,4,3,4,3,2,1,1,2.0,1,1,1,2,4.0,1
420,4,4,3,4,4,2,4,4,4,3,2,4,3,3,2,0,9,0,9,2,4,3,5,4,3,2,4,4,4,4,4,3,4,4,2,4,4,2,3,4,0,9,9,9,9,9,9,9,9,9,9,9,9,2,3,4,4,2,3,3,0,1,0,9,4,5,4,5,3,2,2,3,4,4,3,3,2,1,3.0,5,1,1,3,4.0,1
421,2,5,5,4,4,1,5,5,5,4,4,4,3,3,1,0,9,0,9,2,2,5,4,4,3,1,2,4,5,4,5,5,4,5,5,4,4,2,4,5,0,9,9,9,9,9,9,9,9,9,9,9,9,4,1,2,4,2,2,1,0,9,0,9,4,5,4,4,2,2,4,5,2,4,1,1,2,1,5.0,1,0,2,2,6.0,1
422,4,4,4,3,3,3,4,4,5,4,4,4,3,3,2,0,9,1,0,4,4,3,4,4,3,3,3,3,4,3,4,3,3,4,2,3,4,4,4,4,1,5,5,2,4,4,4,4,3,3,4,3,0,9,9,9,9,9,9,9,9,1,1,0,5,5,4,4,3,4,4,5,4,4,3,1,1,1,5.0,11,3,1,2,4.0,1
423,4,4,4,3,4,3,1,4,4,3,3,3,3,3,5,1,1,0,9,1,4,4,4,4,3,3,4,1,3,4,4,4,3,4,3,3,2,4,2,4,1,5,3,2,5,4,4,4,4,4,3,4,0,9,9,9,9,9,9,9,9,2,0,9,4,5,4,4,3,2,4,4,2,5,1,2,1,1,5.0,2,2,1,2,6.0,1
424,3,5,3,2,4,2,1,5,3,3,3,4,4,4,1,0,9,0,9,4,4,4,2,5,3,3,4,4,4,5,5,5,5,2,5,3,3,4,5,5,1,5,4,3,5,5,5,5,5,4,4,3,0,9,9,9,9,9,9,9,9,2,0,9,5,5,4,4,3,3,4,5,3,4,1,2,1,1,1.0,1,1,2,1,5.0,1
425,2,5,5,2,4,1,2,4,5,5,2,3,3,3,3,1,1,0,9,4,2,5,3,5,2,2,4,5,4,4,4,4,4,4,4,4,4,4,4,4,1,5,3,3,5,3,5,5,4,4,4,3,0,9,9,9,9,9,9,9,9,1,0,9,4,4,4,4,3,3,3,5,4,3,3,2,2,1,4.0,1,2,1,5,7.0,1
426,3,4,4,4,4,2,2,4,4,2,2,2,2,2,4,0,9,0,9,2,4,3,4,4,2,3,4,4,4,2,2,4,4,4,4,4,4,2,4,4,1,5,2,4,5,5,5,4,2,2,4,2,0,9,9,9,9,9,9,9,9,2,0,9,4,4,4,2,4,2,4,5,3,4,2,1,2,1,4.0,1,2,1,3,1.0,1
427,3,4,5,3,3,3,2,2,4,4,1,1,1,1,5,0,9,0,9,4,3,4,4,5,1,1,4,4,4,4,4,4,5,4,5,4,3,3,4,4,1,5,5,5,4,5,5,5,4,3,3,3,0,9,9,9,9,9,9,9,9,3,1,5,4,4,4,4,4,4,5,5,4,4,4,2,1,0,6.0,1,2,1,3,3.0,1
428,4,5,5,5,5,1,4,5,5,5,4,4,3,3,1,0,9,0,9,4,2,5,2,4,2,2,3,4,4,5,4,3,4,4,5,4,5,4,3,4,1,5,4,4,5,5,5,5,5,5,5,5,0,9,9,9,9,9,9,9,9,9,0,9,4,4,5,5,4,4,5,5,4,4,4,1,1,1,2.0,1,2,1,1,4.0,1
429,1,5,4,3,4,4,1,3,1,2,2,3,1,1,3,1,0,0,9,2,5,1,2,4,3,3,3,3,4,2,1,1,4,3,4,1,3,3,1,3,1,5,2,5,5,4,5,5,5,4,5,3,0,9,9,9,9,9,9,9,9,9,1,0,5,3,5,5,4,1,3,5,3,3,2,3,2,2,4.0,1,1,1,3,7.0,1
430,3,4,5,4,3,2,2,2,5,4,3,3,3,3,3,1,1,0,9,4,3,5,3,5,5,5,5,2,5,5,5,5,5,3,3,5,4,4,4,4,0,9,9,9,9,9,9,9,9,9,9,9,9,4,3,3,4,4,5,1,0,1,1,7,5,5,5,5,5,5,4,5,1,5,1,1,2,1,5.0,1,1,1,4,6.0,1
431,2,4,4,4,4,1,2,5,4,3,1,2,2,2,4,1,1,0,9,2,3,4,5,4,4,3,4,3,4,4,4,4,3,3,5,4,2,2,2,3,1,5,2,4,3,2,1,1,1,2,2,3,0,9,9,9,9,9,9,9,9,2,0,9,4,4,4,4,2,1,3,3,1,1,1,2,0,1,4.0,1,2,0,3,6.0,1
432,4,5,5,4,5,2,1,3,5,4,2,2,4,3,2,0,9,0,9,3,2,4,4,5,2,2,3,4,0,4,4,4,4,0,4,3,4,3,4,4,1,5,4,4,5,3,4,5,3,4,2,4,0,9,9,9,9,9,9,9,9,2,0,9,4,4,4,4,4,2,4,4,4,4,2,2,1,1,6.0,1,2,0,4,1.0,1
433,4,5,5,2,3,1,1,2,5,5,1,1,1,3,3,1,1,0,9,3,4,4,2,4,3,2,4,4,5,4,5,5,5,3,4,4,4,3,3,5,1,5,3,2,4,4,4,4,4,4,4,4,0,9,9,9,9,9,9,9,9,9,0,9,4,3,5,5,3,3,5,4,3,4,3,3,1,1,2.0,1,2,1,2,4.0,1
434,2,4,4,4,4,4,2,4,4,4,2,2,2,2,4,0,9,0,9,3,2,5,3,3,2,2,3,4,4,3,3,3,4,4,4,4,4,3,4,4,1,4,3,3,4,4,4,4,3,4,3,4,0,9,9,9,9,9,9,9,9,2,0,9,4,2,4,4,3,3,4,4,2,4,2,2,1,1,2.0,1,1,1,2,1.0,1
435,3,4,4,3,4,2,4,5,5,4,3,3,2,3,4,0,9,0,9,3,4,4,4,4,3,3,3,2,4,3,3,3,4,4,4,4,4,2,3,4,1,4,3,4,4,4,4,4,4,4,4,4,0,9,9,9,9,9,9,9,9,2,0,9,4,4,4,4,3,3,3,4,3,3,3,1,1,1,7.0,1,2,1,4,1.0,1
436,3,5,5,4,4,2,1,4,3,5,1,1,1,3,2,0,9,0,9,4,3,4,2,4,2,3,4,3,4,3,4,4,4,3,4,3,2,5,2,4,0,9,9,9,9,9,9,9,9,9,9,9,9,1,4,4,5,1,3,4,0,2,1,7,5,4,5,5,5,3,3,5,5,3,3,1,1,1,3.0,16,7,1,3,7.0,1
437,2,4,3,3,3,4,1,4,5,2,1,1,5,2,3,0,9,0,9,3,3,4,3,5,3,2,3,4,4,4,3,1,4,4,5,5,4,3,3,4,1,5,5,5,5,5,5,5,4,4,3,3,0,9,9,9,9,9,9,9,9,9,0,9,4,5,3,3,5,4,4,5,2,2,1,1,1,1,2.0,1,1,0,2,4.0,1
438,3,4,4,5,4,4,2,2,4,4,2,2,2,2,4,0,9,0,9,4,4,3,4,3,3,2,4,4,4,3,4,4,4,4,4,2,2,4,4,4,0,9,9,9,9,9,9,9,9,9,9,9,9,2,2,2,4,2,4,2,0,10,0,9,4,5,4,4,4,4,4,5,4,4,4,3,2,2,5.0,1,2,2,3,3.0,1
439,4,4,4,4,5,2,4,2,4,4,3,3,3,3,5,0,9,0,9,2,2,2,4,4,1,4,5,1,2,4,4,4,2,4,5,4,2,2,4,4,1,4,3,3,4,4,3,3,3,3,3,1,0,9,9,9,9,9,9,9,9,10,0,9,4,4,2,2,4,2,5,4,2,2,1,1,2,1,5.0,1,1,1,3,6.0,1
440,4,5,5,5,5,1,5,4,5,5,5,5,4,5,1,0,9,0,9,4,3,5,1,4,3,2,5,4,5,4,4,5,4,5,5,5,5,5,5,5,1,5,4,3,5,5,5,5,4,4,4,4,0,9,9,9,9,9,9,9,9,4,0,9,5,3,5,5,5,4,5,3,5,5,2,2,1,2,1.0,9,6,1,2,2.0,1
441,4,5,4,4,4,3,4,3,5,4,4,4,3,3,2,0,9,0,9,2,3,3,2,3,3,2,4,3,4,4,3,2,3,4,4,4,4,2,2,4,0,9,9,9,9,9,9,9,9,9,9,9,9,2,2,4,4,2,3,2,0,2,0,9,4,4,4,5,4,2,3,4,3,3,2,3,2,1,3.0,1,1,1,3,4.0,1
442,4,4,4,4,4,4,5,5,4,3,3,3,4,4,2,0,9,0,9,4,5,4,2,3,4,3,3,3,4,4,4,5,4,4,4,4,4,4,4,4,1,4,3,3,5,4,4,4,4,4,4,3,0,9,9,9,9,9,9,9,9,9,0,9,4,4,4,4,3,4,4,3,3,3,3,2,2,1,2.0,1,2,1,1,6.0,1
443,3,4,4,4,5,4,2,3,5,5,2,2,2,2,4,0,9,0,9,4,4,5,3,4,2,2,4,3,4,4,4,3,4,4,3,4,4,3,4,4,0,9,9,9,9,9,9,9,9,9,9,9,9,2,2,2,4,2,2,2,0,1,1,5,4,4,5,4,4,2,4,4,5,4,4,1,1,1,7.0,3,2,1,3,2.0,1
444,2,4,3,3,2,2,4,3,4,4,3,3,3,3,4,0,9,0,9,2,4,4,2,3,4,2,4,1,4,5,4,5,3,3,4,3,4,2,3,4,1,5,1,2,4,3,4,3,4,4,4,3,0,9,9,9,9,9,9,9,9,3,0,9,4,5,4,3,3,4,5,5,3,4,3,2,2,1,6.0,1,1,1,4,3.0,1
445,4,4,4,4,4,3,2,2,4,4,3,3,3,3,4,0,9,0,9,2,4,3,4,4,2,2,4,2,2,4,2,3,4,2,3,2,4,4,2,4,0,9,9,9,9,9,9,9,9,9,9,9,9,2,2,2,4,2,4,2,0,9,0,9,5,5,4,5,4,3,4,4,4,3,3,3,3,1,5.0,1,1,1,3,1.0,1
446,2,5,4,4,3,2,4,5,5,5,1,1,2,3,4,0,9,0,9,4,4,5,4,4,3,2,2,4,4,4,4,4,3,2,5,4,3,4,3,4,1,5,2,3,4,4,5,4,4,4,3,4,0,9,9,9,9,9,9,9,9,2,0,9,3,4,4,4,4,4,3,4,4,4,3,1,1,1,1.0,1,2,1,1,4.0,1
447,4,5,4,2,4,1,5,4,4,4,2,5,5,1,1,1,1,0,9,1,4,3,1,4,3,3,4,5,2,4,3,4,1,2,4,5,3,1,1,5,0,9,9,9,9,9,9,9,9,9,9,9,9,5,3,1,5,1,4,1,5,1,0,9,5,5,3,2,3,1,4,5,3,1,1,1,1,1,4.0,1,2,1,1,4.0,1
448,1,4,5,4,5,1,1,2,4,4,3,3,3,4,1,0,9,0,9,2,1,5,3,4,1,1,3,3,5,4,4,1,5,5,5,4,5,3,3,5,1,5,1,3,5,5,5,5,3,5,2,3,0,9,9,9,9,9,9,9,9,11,0,9,4,2,5,3,3,2,4,5,5,3,3,1,2,2,5.0,1,2,1,4,4.0,1
449,4,4,4,3,4,2,2,3,4,4,1,1,1,1,3,0,9,0,9,2,2,4,3,3,2,2,3,4,4,4,3,4,3,4,4,3,4,2,3,3,1,5,4,3,4,4,4,4,3,4,4,3,0,9,9,9,9,9,9,9,9,1,0,9,4,4,4,4,3,4,4,4,3,2,2,1,1,1,1.0,1,1,1,1,4.0,1
450,2,5,5,5,5,2,2,2,4,5,4,5,2,3,1,0,9,0,9,4,2,4,2,4,2,2,2,4,5,3,3,3,4,4,5,4,4,3,3,4,1,5,2,4,5,5,5,5,4,5,3,3,0,9,9,9,9,9,9,9,9,11,0,9,4,4,4,4,3,3,5,3,4,4,4,2,1,2,5.0,1,2,1,4,2.0,1
451,1,5,5,4,3,5,2,2,5,4,2,2,1,2,5,1,1,0,9,3,4,5,2,3,4,1,1,4,4,4,4,4,3,4,4,4,4,2,4,4,1,5,1,2,5,5,5,5,2,5,3,1,0,9,9,9,9,9,9,9,9,9,1,5,3,3,5,5,5,3,5,4,4,2,1,1,1,2,2.0,9,6,2,1,1.0,1
452,2,4,4,3,4,2,4,3,5,4,3,4,2,4,2,1,1,0,9,1,2,4,4,4,2,2,4,4,4,4,2,2,4,4,4,4,4,1,4,4,1,5,3,3,5,4,4,5,4,4,4,5,0,9,9,9,9,9,9,9,9,11,0,9,4,4,5,4,2,3,4,4,2,3,2,1,1,1,5.0,1,1,1,4,6.0,1
453,4,4,4,4,4,2,1,3,5,5,3,3,4,4,3,1,1,0,9,4,3,4,3,4,4,3,3,4,4,4,4,5,4,4,4,4,4,4,4,4,1,5,3,3,5,5,5,5,5,5,5,5,0,9,9,9,9,9,9,9,9,1,0,9,4,4,4,4,4,4,5,5,4,3,3,1,1,2,5.0,1,1,1,1,2.0,1
454,4,4,4,4,4,2,2,3,4,4,3,3,2,2,4,0,9,0,9,3,3,4,2,4,2,2,3,4,4,4,4,3,4,4,4,2,4,4,3,4,1,4,4,4,5,4,4,4,4,4,3,3,0,9,9,9,9,9,9,9,9,2,0,9,4,4,5,5,4,4,4,5,4,5,3,3,1,1,2.0,1,2,1,2,3.0,1
455,5,3,4,4,4,4,1,3,5,5,1,1,1,1,5,1,0,0,9,2,4,2,4,4,2,3,5,3,4,4,4,2,2,3,5,3,3,2,3,4,1,5,5,5,5,5,5,5,5,4,4,5,0,9,9,9,9,9,9,9,9,10,0,9,5,3,4,4,5,4,5,5,5,5,1,1,2,1,7.0,15,1,1,3,2.0,1
456,3,4,4,4,4,3,3,4,4,4,3,3,3,3,3,0,9,0,9,4,2,4,3,4,2,2,3,4,4,4,4,3,4,4,4,4,4,4,3,4,1,4,4,4,4,4,4,4,4,4,4,4,0,9,9,9,9,9,9,9,9,9,1,0,4,4,4,4,4,3,4,4,4,4,3,3,1,1,2.0,1,2,0,1,4.0,1
457,4,4,5,4,3,1,5,3,4,4,4,4,3,3,1,0,9,0,9,4,3,5,3,4,2,2,3,3,4,4,4,4,4,4,4,4,4,4,4,4,1,4,4,3,4,4,4,4,3,4,4,4,0,9,9,9,9,9,9,9,9,1,0,9,5,4,4,4,4,3,4,4,3,2,2,3,1,1,3.0,1,2,0,1,3.0,1
458,3,4,4,3,4,4,4,3,5,4,3,4,4,4,2,0,9,0,9,3,4,4,4,4,3,3,4,4,4,4,4,5,5,4,5,4,4,4,3,4,0,9,9,9,9,9,9,9,9,9,9,9,9,3,3,3,3,3,3,3,2,5,1,7,4,4,4,4,4,4,4,4,4,3,3,1,1,1,2.0,1,2,1,2,4.0,1
459,3,5,5,5,5,4,4,4,5,4,3,4,3,3,3,0,9,0,9,3,3,5,3,4,3,3,4,4,4,4,4,4,4,4,5,4,5,4,4,4,1,5,4,5,5,5,5,5,4,3,3,4,0,9,9,9,9,9,9,9,9,1,1,0,4,4,5,4,5,4,5,5,4,4,2,1,1,1,4.0,1,1,1,2,3.0,1
460,4,4,4,5,4,2,2,3,5,5,4,4,5,5,0,0,9,0,9,4,4,5,2,3,4,2,3,4,4,4,3,4,3,4,4,4,4,4,3,5,1,5,4,2,5,4,4,5,3,3,4,5,0,9,9,9,9,9,9,9,9,9,0,9,4,5,5,4,2,4,5,4,3,2,2,2,1,1,,1,2,1,1,4.0,1
461,3,4,3,2,4,5,4,5,3,2,2,2,3,2,5,0,9,1,0,2,5,2,4,3,3,4,5,2,2,3,3,4,3,4,2,2,2,2,3,3,0,4,4,2,4,4,4,4,2,3,4,2,0,2,4,2,4,3,3,3,0,4,0,9,5,5,5,5,3,3,3,4,3,5,2,1,1,1,2.0,11,3,1,1,4.0,1
462,3,3,4,4,4,3,2,4,4,4,3,3,4,4,2,0,9,0,9,2,3,3,4,3,3,3,3,3,4,2,2,1,4,2,3,3,2,2,2,3,1,4,4,4,4,4,4,4,4,4,4,3,0,9,9,9,9,9,9,9,9,2,0,9,4,4,4,4,3,3,4,4,4,4,2,2,1,1,3.0,1,2,1,3,4.0,1
463,4,4,3,4,4,4,1,3,4,4,3,3,1,1,4,0,9,0,9,4,3,4,4,3,2,3,4,2,3,4,4,4,4,4,5,4,4,4,4,4,1,5,5,3,3,4,4,4,3,4,4,2,0,9,9,9,9,9,9,9,9,1,1,3,5,5,5,5,3,3,4,5,3,3,3,1,1,1,4.0,1,2,1,3,3.0,1
464,3,5,4,5,3,2,1,4,5,5,4,4,1,4,1,1,1,1,5,4,2,5,2,4,4,3,5,2,4,5,4,4,3,4,5,4,4,2,2,4,1,5,4,3,5,2,4,5,1,4,4,5,0,9,9,9,9,9,9,9,9,2,1,1,4,4,3,5,2,3,4,4,2,2,1,2,1,1,3.0,1,1,1,5,1.0,1
465,2,5,4,4,4,2,1,4,4,4,3,3,2,5,2,0,9,0,9,4,2,4,4,4,3,4,4,3,3,3,5,4,4,3,5,2,4,4,5,5,1,5,5,2,5,4,4,4,5,3,4,1,0,9,9,9,9,9,9,9,9,1,1,2,5,5,4,5,4,4,5,5,1,2,2,1,1,1,2.0,1,1,2,2,7.0,1
466,4,3,4,4,4,2,2,2,4,4,2,2,3,4,2,0,9,0,9,1,4,4,4,3,3,4,5,4,1,4,4,3,4,2,5,4,2,2,4,4,1,5,5,5,5,4,5,5,5,5,2,5,0,9,9,9,9,9,9,9,9,2,0,9,5,2,4,4,4,4,4,2,1,3,1,3,1,1,4.0,1,1,1,5,6.0,1
467,4,4,5,4,5,3,2,2,4,4,2,2,2,2,5,0,9,0,9,1,2,4,4,4,4,2,4,4,4,4,3,2,4,4,4,3,4,2,4,4,1,5,3,3,5,5,5,3,4,5,5,3,0,9,9,9,9,9,9,9,9,2,0,9,4,2,5,5,3,3,4,4,3,3,3,1,1,1,3.0,1,2,1,5,4.0,1
468,4,4,4,5,4,3,2,3,4,4,3,3,4,3,2,0,9,0,9,2,3,4,4,3,4,2,3,2,4,4,4,4,4,4,4,3,3,2,2,4,1,4,3,4,4,4,4,4,3,4,3,3,0,9,9,9,9,9,9,9,9,9,0,9,4,4,5,5,3,4,5,4,4,4,4,1,1,2,4.0,1,2,1,5,4.0,1
469,4,5,5,4,5,2,1,4,4,4,3,4,4,3,2,1,1,0,9,5,4,5,4,3,2,2,4,1,4,4,4,4,4,3,5,3,4,3,3,4,1,5,5,5,5,4,5,4,5,4,4,5,0,9,9,9,9,9,9,9,9,1,0,9,4,4,4,4,4,3,5,5,4,4,3,1,1,1,3.0,1,2,1,5,6.0,1
470,4,4,4,4,4,3,2,4,4,4,2,3,2,4,2,1,1,0,9,4,4,5,2,3,3,2,2,4,4,4,5,5,4,3,5,3,3,4,3,4,1,4,5,4,4,4,5,3,4,4,4,5,0,9,9,9,9,9,9,9,9,9,0,9,5,3,4,4,3,3,4,5,4,4,3,2,1,1,1.0,1,1,1,1,2.0,1
471,3,4,4,4,4,2,4,4,4,4,2,4,3,3,2,0,9,0,9,2,3,2,4,4,2,4,3,3,4,1,4,2,3,3,5,3,2,3,3,5,1,4,5,5,4,4,4,4,4,1,4,3,0,9,9,9,9,9,9,9,9,10,1,7,5,5,5,5,5,4,5,5,4,5,4,2,1,1,4.0,1,1,2,5,5.0,1
472,3,4,4,3,4,2,4,4,5,3,2,2,2,2,3,0,9,0,9,4,3,3,2,4,2,2,4,2,3,4,4,4,3,2,4,4,3,2,4,4,1,4,2,4,5,5,5,4,2,4,2,4,0,9,9,9,9,9,9,9,9,1,1,5,4,3,4,5,4,4,3,4,2,3,2,1,1,1,3.0,1,1,1,5,1.0,1
473,4,4,5,5,5,3,4,3,5,4,4,5,4,3,3,0,9,0,9,4,4,5,2,4,3,3,2,3,4,4,4,5,3,4,5,4,4,5,4,4,1,5,4,3,4,5,5,5,4,4,3,3,0,9,9,9,9,9,9,9,9,2,0,9,4,2,5,5,3,4,5,5,5,3,4,3,1,2,4.0,1,2,1,5,2.0,1
474,3,4,4,4,4,3,2,5,4,4,3,3,0,5,1,0,9,0,9,4,5,3,5,5,4,4,5,3,4,4,4,2,4,3,5,4,4,4,4,4,0,9,9,9,9,9,9,9,9,9,9,9,9,1,1,5,5,2,4,1,8,10,0,9,4,5,5,5,5,3,4,4,3,5,3,2,1,1,4.0,1,2,1,3,7.0,1
475,3,4,5,5,4,2,2,4,5,4,2,2,2,2,4,0,9,0,9,3,3,4,2,4,2,2,3,4,4,4,4,3,4,4,4,4,4,2,2,4,1,5,3,4,4,5,5,5,3,4,4,5,0,9,9,9,9,9,9,9,9,5,0,9,4,3,4,4,3,3,3,5,4,2,1,1,1,1,4.0,1,2,1,3,6.0,1
476,4,5,4,5,4,3,1,2,5,4,3,3,3,3,3,1,1,0,9,4,3,5,2,3,5,1,3,4,4,4,4,4,4,4,4,4,4,3,3,4,1,5,2,2,4,5,4,5,3,4,3,5,0,9,9,9,9,9,9,9,9,1,0,9,3,3,5,4,4,3,5,5,5,4,3,1,1,2,5.0,1,1,0,3,6.0,1
477,4,5,5,4,3,3,1,5,4,5,3,3,3,3,3,0,9,0,9,1,4,4,4,5,4,4,4,1,3,4,3,4,5,4,4,1,3,2,1,2,1,5,3,5,5,5,5,3,4,5,5,4,0,9,9,9,9,9,9,9,9,2,1,3,5,3,4,4,4,3,5,5,3,4,4,1,1,1,3.0,1,1,2,5,6.0,1
478,4,4,4,4,4,5,2,2,2,4,2,2,2,2,4,0,9,0,9,4,4,2,5,2,3,3,5,4,4,4,4,4,1,2,4,2,4,4,2,1,0,9,9,9,9,9,9,9,9,9,9,9,9,4,3,3,0,0,0,0,6,10,1,7,5,4,4,4,4,2,5,5,2,4,2,1,3,1,3.0,1,1,3,3,6.0,1
479,3,4,3,4,4,4,2,3,4,5,2,2,2,2,2,0,9,0,9,3,3,4,4,5,2,2,0,0,0,4,3,3,4,3,5,3,4,2,3,4,1,4,2,5,5,5,5,5,3,3,3,3,0,9,9,9,9,9,9,9,9,1,1,1,4,5,4,4,4,2,4,4,4,4,2,2,1,1,7.0,1,5,1,4,4.0,1
480,4,5,5,3,5,2,4,4,3,4,3,5,2,2,1,0,9,0,9,4,4,4,4,3,3,1,5,3,4,2,3,4,3,2,4,2,3,4,2,4,1,5,4,4,5,4,5,5,5,4,3,4,0,9,9,9,9,9,9,9,9,9,0,9,3,3,4,3,2,1,3,4,5,3,3,2,1,1,2.0,9,6,1,1,6.0,1
481,2,4,2,3,4,4,2,2,3,4,2,2,3,3,3,0,9,0,9,4,4,3,4,4,3,3,3,4,4,3,4,4,4,4,4,3,4,4,4,4,0,9,9,9,9,9,9,9,9,9,9,9,9,3,4,4,3,2,3,0,0,9,0,9,5,5,4,4,3,3,4,4,5,4,3,3,2,2,3.0,15,1,1,3,7.0,1
482,1,4,5,4,3,2,3,3,5,5,1,5,1,1,3,1,1,1,4,2,3,3,4,3,4,3,5,2,3,2,2,4,2,2,4,2,3,1,1,4,1,4,2,5,5,3,1,1,1,1,1,5,0,9,9,9,9,9,9,9,9,1,0,9,5,5,5,5,5,5,5,5,1,5,2,1,2,1,5.0,1,1,1,3,6.0,1
483,5,5,5,2,2,2,4,4,4,4,4,4,1,1,1,0,9,0,9,4,4,4,4,2,3,3,2,4,4,4,4,4,4,4,5,5,4,2,2,5,1,5,5,2,5,5,5,5,4,5,5,5,0,9,9,9,9,9,9,9,9,1,0,9,4,5,5,5,5,2,4,5,3,4,2,1,1,1,2.0,1,1,1,1,3.0,1
484,3,5,5,2,4,3,1,4,3,4,2,2,2,1,5,0,9,1,4,2,4,4,4,2,5,4,5,3,4,4,4,5,2,3,3,3,4,2,3,5,0,9,9,9,9,9,9,9,9,9,9,9,9,1,0,4,5,2,2,2,7,1,1,2,4,5,5,4,2,3,4,5,2,2,3,2,3,1,6.0,1,1,1,3,6.0,1
485,2,4,4,4,4,2,2,5,4,3,3,3,3,2,3,1,1,0,9,2,4,4,3,4,2,3,4,2,4,4,2,3,4,3,4,4,4,2,2,3,1,4,3,3,4,4,4,4,2,3,2,3,0,9,9,9,9,9,9,9,9,2,0,9,3,3,4,4,3,2,5,4,3,3,2,2,1,1,6.0,1,2,1,4,6.0,1
486,5,4,5,3,5,3,1,2,4,4,3,3,3,4,3,1,1,0,9,3,2,4,2,2,4,3,3,0,4,4,4,4,3,4,5,4,4,4,3,4,1,5,3,4,5,5,4,3,5,4,5,5,0,9,9,9,9,9,9,9,9,9,1,1,4,4,3,4,3,3,4,5,4,2,3,2,1,1,1.0,1,2,1,1,4.0,1
487,3,4,4,5,5,3,3,3,4,3,5,3,4,4,3,0,9,0,9,3,2,1,4,4,2,4,4,3,4,2,2,4,1,4,4,4,2,2,2,4,0,9,9,9,9,9,9,9,9,9,9,9,9,4,0,5,4,2,0,0,0,1,1,0,5,4,4,5,4,4,4,5,3,3,3,1,2,1,4.0,1,1,0,4,6.0,1
488,2,4,4,2,5,2,1,3,5,3,1,1,2,2,4,0,9,0,9,4,3,3,2,4,2,2,5,4,3,4,5,5,4,3,4,4,5,4,3,4,1,4,3,3,4,4,4,4,3,4,3,3,0,9,9,9,9,9,9,9,9,2,0,9,4,3,4,4,3,2,2,4,4,2,2,1,1,1,4.0,10,3,2,5,3.0,1
489,2,5,5,5,5,1,1,4,4,5,2,2,2,4,2,1,0,0,9,4,3,5,2,3,3,3,4,4,4,4,4,4,4,4,5,5,4,4,4,5,0,9,9,9,9,9,9,9,9,9,9,9,9,0,0,0,0,0,0,0,4,1,1,5,3,4,5,5,4,3,5,4,4,4,3,2,1,1,3.0,1,2,1,1,7.0,1
490,3,4,3,2,2,4,1,3,2,4,2,2,2,2,3,0,9,0,9,4,5,3,2,2,2,2,4,3,4,4,4,2,3,4,3,4,2,4,2,4,1,4,3,2,4,4,4,4,3,0,4,2,0,9,9,9,9,9,9,9,9,9,0,9,4,4,4,4,5,2,2,3,2,2,1,3,1,2,2.0,1,1,1,1,7.0,1
491,3,5,5,4,4,4,1,5,5,5,2,3,4,4,1,0,9,0,9,2,3,5,2,5,3,2,4,1,4,5,5,4,4,4,5,3,4,3,4,5,1,5,1,5,5,4,5,3,2,3,2,5,0,9,9,9,9,9,9,9,9,1,0,9,4,5,4,4,5,3,5,5,2,5,2,1,1,1,5.0,1,0,1,4,1.0,1
492,3,5,4,3,2,3,2,4,4,5,2,4,3,5,2,0,9,0,9,4,3,5,3,4,2,2,4,4,4,4,3,5,4,4,5,5,4,4,5,4,1,5,3,2,5,5,5,5,5,5,5,3,0,9,9,9,9,9,9,9,9,2,0,9,4,0,5,5,3,3,4,5,5,3,3,3,0,2,1.0,1,2,1,1,7.0,1
493,2,4,5,5,4,3,1,2,4,5,4,3,4,2,2,1,1,0,9,2,2,5,4,4,3,3,3,2,4,4,4,3,5,4,5,4,4,2,3,4,1,4,3,2,5,5,5,4,3,4,3,3,0,9,9,9,9,9,9,9,9,9,0,9,3,4,4,4,3,3,4,4,4,4,4,1,2,2,2.0,1,1,1,2,4.0,1
494,4,4,4,4,4,3,2,3,4,4,2,3,3,3,2,0,9,0,9,4,3,3,4,3,3,2,3,3,4,2,4,4,4,4,4,4,4,4,3,3,1,5,3,3,5,4,4,4,3,4,4,5,0,9,9,9,9,9,9,9,9,1,0,9,4,3,4,4,3,3,3,4,3,3,3,2,1,1,2.0,1,2,1,1,2.0,1
495,5,4,4,4,4,4,4,3,4,4,4,4,4,4,4,0,9,0,9,4,4,4,4,4,4,4,4,4,4,4,4,4,4,4,4,4,4,4,4,4,1,5,4,3,5,4,5,5,3,4,4,5,0,9,9,9,9,9,9,9,9,1,1,0,5,4,4,4,4,4,4,4,4,4,3,2,1,1,2.0,11,7,1,0,2.0,1
496,4,4,5,5,5,2,4,2,5,4,2,4,3,3,3,0,9,2,3,4,2,4,2,3,2,1,5,4,4,4,4,5,4,3,5,4,4,4,4,5,1,5,5,2,5,5,5,5,5,5,5,5,0,9,9,9,9,9,9,9,9,2,0,9,5,5,4,4,4,2,4,4,4,4,4,3,0,2,1.0,1,2,1,1,5.0,1
497,2,5,4,5,4,3,4,5,5,5,3,3,1,4,3,0,9,0,9,2,2,4,2,4,2,2,3,3,4,5,5,5,3,3,5,3,5,4,3,5,1,5,3,3,5,5,5,5,5,5,5,5,0,9,9,9,9,9,9,9,9,3,1,5,4,4,4,4,4,4,4,4,3,4,4,2,1,1,1.0,6,2,2,1,1.0,1
498,2,5,5,3,4,3,1,3,5,5,2,2,3,3,1,0,9,0,9,5,4,5,2,4,3,3,4,4,5,5,5,4,5,4,5,4,4,5,5,5,1,5,1,3,5,4,5,5,3,5,4,3,0,9,9,9,9,9,9,9,9,2,0,9,4,4,5,4,3,2,4,5,4,2,1,3,1,1,1.0,1,1,1,1,7.0,1
499,2,5,4,2,3,2,1,3,4,4,4,4,2,4,1,0,9,0,9,4,2,5,2,3,2,2,2,4,4,4,3,3,4,4,5,4,4,5,5,5,1,5,3,2,5,4,5,5,4,4,3,3,0,9,9,9,9,9,9,9,9,2,0,9,4,4,4,4,3,2,3,4,4,3,1,3,0,2,1.0,1,1,1,1,7.0,1
500,3,5,5,4,4,2,2,5,5,4,3,3,3,4,3,0,9,0,9,2,4,4,5,3,3,3,3,2,3,4,4,3,3,3,4,4,3,2,2,3,1,4,3,3,5,5,5,4,3,4,4,3,0,9,9,9,9,9,9,9,9,11,0,9,4,4,4,4,3,3,4,4,4,4,2,3,2,1,3.0,1,1,1,2,1.0,1
501,4,5,4,3,4,1,5,4,5,5,5,3,3,4,1,1,1,0,9,4,3,4,3,3,2,1,4,3,4,4,4,5,4,4,5,5,5,4,5,4,1,5,3,3,5,5,5,4,4,4,4,3,0,9,9,9,9,9,9,9,9,9,1,2,5,5,5,4,4,3,4,5,3,3,3,1,1,2,1.0,1,0,1,1,1.0,1
502,4,4,3,3,4,1,3,2,4,4,4,4,3,3,1,1,1,1,0,4,4,3,5,3,3,3,4,1,3,3,3,5,4,4,5,3,2,3,4,4,1,5,4,3,5,5,4,5,5,4,4,5,0,9,9,9,9,9,9,9,9,2,0,9,5,3,5,5,4,5,3,4,5,4,5,1,1,1,2.0,9,4,1,1,6.0,1
503,4,5,4,3,5,2,1,1,3,4,3,3,3,3,4,0,9,0,9,4,4,4,3,5,3,3,5,2,4,4,4,4,2,3,3,3,4,2,4,4,0,9,9,9,9,9,9,9,9,9,9,9,9,3,4,4,2,2,4,5,0,1,1,8,4,2,4,4,3,4,5,5,5,4,3,2,1,1,3.0,15,7,1,3,2.0,1
504,2,4,4,4,4,4,1,3,4,4,1,1,4,4,3,0,9,0,9,2,2,4,2,4,3,3,4,4,4,4,4,4,4,4,4,4,4,4,3,4,1,4,2,3,3,4,4,4,3,4,4,2,0,9,9,9,9,9,9,9,9,1,0,9,4,5,5,5,3,3,4,4,0,4,3,1,1,1,6.0,1,1,1,3,3.0,1
505,2,5,4,2,3,3,2,4,5,3,2,2,2,2,4,0,9,0,9,4,4,5,4,3,3,2,3,4,3,3,3,4,4,4,5,4,5,5,3,5,1,5,2,4,4,5,4,2,3,4,4,2,0,9,9,9,9,9,9,9,9,2,0,9,2,3,4,4,3,3,4,4,4,4,4,2,2,1,3.0,1,2,1,1,1.0,1
506,4,5,5,2,5,2,5,4,5,5,4,5,5,5,1,0,9,0,9,4,4,5,2,4,2,2,4,4,5,5,5,3,5,4,5,5,5,5,4,4,1,5,4,4,5,5,5,5,4,5,4,5,0,9,9,9,9,9,9,9,9,1,0,9,5,5,4,4,4,3,4,5,3,4,2,1,1,1,1.0,1,2,2,1,1.0,1
507,5,2,2,1,3,5,3,1,5,1,1,1,1,1,5,0,9,0,9,1,3,2,4,1,5,1,5,3,4,5,2,1,5,4,5,4,4,2,3,5,1,5,5,5,5,5,5,3,1,1,2,5,0,9,9,9,9,9,9,9,9,3,0,9,5,5,3,3,3,1,1,5,3,5,1,1,1,1,5.0,1,1,1,3,3.0,1
508,4,4,5,4,4,2,4,4,4,3,1,1,1,1,5,0,9,0,9,4,4,4,4,3,3,3,4,4,4,5,4,5,4,4,4,4,4,4,4,4,1,4,3,3,4,4,5,4,3,4,3,4,0,9,9,9,9,9,9,9,9,2,0,9,4,3,4,4,3,3,4,4,4,4,3,3,1,1,2.0,1,2,1,1,6.0,1
509,4,3,3,3,3,2,3,3,3,3,3,3,3,3,3,0,9,0,9,2,3,4,3,4,3,3,4,4,4,4,4,4,4,4,2,4,4,4,3,2,0,9,9,9,9,9,9,9,9,9,9,9,9,4,3,3,3,3,3,2,0,1,0,9,4,4,4,4,3,1,4,4,3,3,1,3,1,1,7.0,1,1,1,2,3.0,1
510,3,5,4,3,3,2,2,2,4,4,2,2,3,4,2,1,1,0,9,4,4,4,4,4,3,3,4,3,4,4,3,4,4,2,5,4,4,4,4,4,2,4,3,2,4,4,4,3,4,4,5,2,2,9,9,9,9,9,9,9,9,1,1,7,4,2,4,4,4,2,4,4,3,3,3,1,2,1,5.0,1,2,1,3,7.0,1
511,2,4,4,4,4,2,2,5,4,4,4,4,3,3,0,0,9,0,9,1,3,3,5,3,3,3,5,1,3,5,4,3,4,4,4,4,3,1,2,3,0,9,9,9,9,9,9,9,9,9,9,9,9,0,4,0,2,2,0,0,0,2,1,5,3,5,4,3,3,2,4,3,1,4,3,2,1,1,3.0,1,2,1,3,6.0,1
512,3,5,4,3,5,2,2,3,4,5,3,3,3,3,3,0,9,0,9,2,3,5,2,4,4,3,4,2,4,4,4,4,4,4,4,4,4,4,4,4,1,5,3,3,5,5,5,3,4,5,5,4,0,9,9,9,9,9,9,9,9,2,0,9,4,4,4,4,3,4,5,5,4,4,3,3,1,1,4.0,1,2,1,5,3.0,1
513,3,5,5,2,3,1,5,4,4,5,3,3,3,5,1,0,9,0,9,5,4,4,1,5,5,5,3,4,5,3,2,5,1,4,4,4,4,4,4,4,1,5,5,5,5,5,5,3,5,4,5,5,0,9,9,9,9,9,9,9,9,11,1,5,4,4,4,3,1,4,4,5,1,3,3,1,1,1,3.0,1,1,1,2,7.0,1
514,4,4,5,5,5,2,1,3,5,4,3,3,3,4,2,0,9,0,9,4,2,4,2,4,3,1,4,4,4,4,4,4,4,4,4,5,4,4,4,4,0,9,9,9,9,9,9,9,9,9,9,9,9,1,1,1,1,1,1,1,8,10,0,9,3,4,4,4,2,1,2,4,3,4,5,3,2,2,4.0,1,1,2,3,3.0,1
515,5,5,4,3,3,2,1,4,4,4,1,1,1,1,4,0,9,0,9,5,3,4,3,4,3,3,3,4,3,3,4,4,3,3,4,3,3,3,4,4,1,4,4,4,4,4,4,4,4,4,3,3,0,9,9,9,9,9,9,9,9,2,1,0,4,4,4,4,3,3,3,4,2,4,2,2,2,1,3.0,1,1,1,5,7.0,1
516,3,5,5,3,4,2,3,2,5,4,3,3,3,4,2,0,9,0,9,4,2,5,3,4,2,2,4,2,4,4,5,3,4,4,5,4,4,3,3,5,1,5,3,2,5,4,5,4,4,4,4,5,0,9,9,9,9,9,9,9,9,4,0,9,4,5,4,4,3,3,5,5,4,3,3,1,1,2,5.0,1,1,2,4,6.0,1
517,3,5,4,5,4,1,3,3,5,4,3,4,4,4,2,0,9,1,3,4,5,4,4,3,4,1,4,4,5,4,4,1,5,4,5,4,4,3,4,4,1,4,4,3,4,5,4,4,4,1,4,1,1,9,9,9,9,9,9,9,9,10,1,4,4,4,4,4,5,1,5,1,4,4,1,2,2,1,3.0,1,1,1,5,3.0,1
518,4,4,4,4,4,4,4,3,3,4,2,2,3,2,4,0,9,0,9,3,4,3,2,3,4,2,3,4,4,3,3,3,4,3,5,4,3,4,3,3,1,4,4,3,5,4,4,4,4,4,4,4,0,9,9,9,9,9,9,9,9,2,1,0,4,4,4,4,3,3,3,4,4,4,4,1,2,2,1.0,1,2,2,1,3.0,1
519,3,4,4,4,4,4,1,2,4,4,1,1,1,1,5,0,9,0,9,3,5,3,4,3,2,2,4,3,4,4,4,4,4,3,4,3,4,3,3,3,1,5,4,4,5,5,4,5,5,5,3,1,0,9,9,9,9,9,9,9,9,9,0,9,4,5,4,5,3,3,5,5,5,5,4,1,2,1,2.0,1,2,1,1,3.0,1
520,5,4,4,3,4,5,2,1,5,3,3,3,3,3,5,0,9,0,9,4,5,5,3,4,2,2,4,4,5,5,5,4,4,5,5,4,5,4,4,5,1,5,5,5,5,5,5,5,5,4,4,5,0,9,9,9,9,9,9,9,9,9,0,9,5,1,3,5,5,3,5,5,3,4,3,1,1,2,5.0,1,1,1,4,2.0,1
521,4,5,4,3,4,1,1,5,4,4,3,3,3,3,3,0,9,0,9,3,4,4,1,4,4,3,3,4,4,4,4,4,4,4,4,4,4,4,4,4,1,5,1,1,5,5,3,4,3,4,3,5,0,9,9,9,9,9,9,9,9,4,2,0,4,4,4,4,3,1,4,5,3,3,1,2,1,1,3.0,1,1,1,1,5.0,1
522,4,4,4,4,5,2,2,2,4,4,4,4,2,4,2,0,9,0,9,2,4,4,2,5,4,2,4,4,4,4,5,3,2,2,4,4,4,4,4,4,1,5,2,4,5,5,5,5,4,4,4,5,0,9,9,9,9,9,9,9,9,2,0,9,4,4,4,4,3,3,4,4,4,4,3,2,1,1,3.0,1,1,1,5,1.0,1
523,4,5,4,4,5,2,5,5,5,4,4,4,3,4,1,1,1,1,4,3,4,5,2,5,3,3,3,3,3,5,5,5,3,3,5,4,4,3,5,4,1,5,3,2,5,5,5,5,5,5,3,5,0,4,3,3,2,1,3,3,0,1,1,5,4,4,4,4,4,4,5,5,5,3,3,2,1,1,2.0,1,1,1,1,6.0,1
524,4,4,4,4,4,2,3,2,4,4,2,3,3,3,4,0,9,0,9,4,2,3,2,4,2,2,3,2,4,4,2,1,3,4,3,4,4,2,1,3,1,4,5,4,5,5,5,4,4,4,3,4,0,9,9,9,9,9,9,9,9,2,0,9,4,2,4,4,2,2,2,4,3,4,2,3,2,1,2.0,1,2,1,2,6.0,1
525,4,4,4,5,5,3,1,4,3,4,1,1,3,3,3,0,9,0,9,2,3,4,3,4,3,2,3,2,3,4,3,3,4,4,5,4,3,2,2,4,1,5,3,3,5,4,4,4,3,4,4,4,0,9,9,9,9,9,9,9,9,9,0,9,5,4,4,4,3,5,4,5,3,4,3,2,1,1,2.0,1,1,2,2,1.0,1
526,4,5,5,4,5,2,5,2,5,2,2,2,2,2,4,1,1,0,9,4,4,4,5,4,4,1,5,4,4,4,5,4,4,4,2,4,4,4,4,4,0,9,9,9,9,9,9,9,9,9,9,9,9,2,1,1,1,1,1,1,4,11,0,9,5,5,4,4,1,4,5,5,4,4,4,2,1,2,4.0,1,1,1,3,5.0,1
527,2,4,5,4,4,4,4,4,4,4,3,3,2,2,3,1,1,0,4,4,3,4,4,3,2,2,4,3,3,4,4,4,3,4,5,5,4,4,4,4,1,5,2,5,5,5,5,4,4,4,3,4,0,9,9,9,9,9,9,9,9,6,1,1,4,4,5,5,4,2,4,4,4,3,3,3,1,2,4.0,1,2,1,3,6.0,1
528,3,5,4,4,4,3,1,4,4,5,2,2,2,2,3,0,9,0,9,3,3,3,3,2,3,2,3,3,3,4,4,4,4,4,5,3,3,3,3,3,1,5,4,4,4,5,5,5,4,4,3,4,0,9,9,9,9,9,9,9,9,2,1,6,4,4,5,4,4,5,5,3,3,5,3,1,2,1,5.0,11,2,1,3,6.0,1
529,5,4,4,4,4,2,4,3,5,4,3,3,3,3,4,0,9,0,9,3,2,5,4,3,2,2,4,4,4,4,4,4,4,4,4,4,4,3,3,4,0,9,9,9,9,9,9,9,9,9,9,9,9,3,3,3,4,3,3,3,4,1,0,9,5,5,4,4,4,3,4,4,4,4,4,2,1,1,4.0,1,2,2,2,4.0,1
530,0,5,5,4,4,3,1,5,5,5,5,5,5,5,1,0,9,1,5,4,4,5,3,4,3,3,4,4,4,4,4,5,4,4,4,3,4,4,4,3,1,4,4,4,5,5,5,4,4,4,4,3,0,9,9,9,9,9,9,9,9,1,1,6,4,5,5,4,4,3,4,5,4,4,3,1,1,1,4.0,1,2,1,2,7.0,1
531,3,5,4,3,5,2,4,5,4,5,2,2,2,2,5,0,9,1,3,4,3,5,2,3,5,3,4,4,4,5,3,3,4,5,5,5,5,5,5,5,0,9,9,9,9,9,9,9,9,9,9,9,9,2,2,4,3,2,3,3,0,2,1,5,5,4,4,4,4,4,5,4,5,5,5,2,1,1,4.0,11,3,1,1,1.0,1
532,2,4,4,5,5,2,2,3,4,4,4,4,4,4,1,1,1,0,9,4,3,4,3,3,2,2,2,4,4,4,4,4,4,4,4,4,4,4,4,4,1,5,4,4,5,4,5,4,3,4,3,4,0,9,9,9,9,9,9,9,9,3,0,9,4,3,4,3,4,4,4,4,4,4,4,1,1,2,5.0,1,2,1,4,3.0,1
533,2,5,5,4,4,1,4,5,5,5,3,4,4,4,2,0,9,1,6,2,3,4,4,3,2,2,4,4,4,4,5,5,5,3,5,4,4,4,4,4,0,9,9,9,9,9,9,9,9,9,9,9,9,5,1,1,2,1,1,1,5,1,1,3,5,5,5,5,2,2,5,5,4,4,2,1,1,1,2.0,1,1,2,1,4.0,1
534,2,5,5,3,4,2,1,3,5,4,1,1,1,1,5,1,1,0,9,1,3,4,2,4,2,2,4,2,4,4,4,4,4,4,4,5,0,4,3,4,0,9,9,9,9,9,9,9,9,9,9,9,9,1,1,1,5,1,1,1,0,9,0,9,4,5,5,3,3,1,5,5,4,4,2,3,1,1,4.0,1,1,2,4,1.0,1
535,3,4,4,5,5,2,4,4,4,5,1,3,3,3,2,1,0,1,1,4,4,5,5,3,3,2,5,3,4,3,4,4,3,2,3,2,3,2,2,4,1,5,4,2,4,4,4,3,4,4,4,4,0,9,9,9,9,9,9,9,9,9,0,9,4,3,4,3,3,3,4,3,3,4,3,2,1,2,3.0,7,1,0,5,6.0,1
536,3,5,4,1,3,4,1,3,4,5,3,3,3,5,1,0,9,0,9,4,5,2,4,5,3,2,3,5,5,4,4,4,4,3,5,1,3,4,4,3,1,5,3,5,5,4,5,5,4,3,3,2,0,9,9,9,9,9,9,9,9,9,0,9,4,3,4,4,4,4,4,4,4,4,3,3,2,2,5.0,1,0,2,4,7.0,1
537,3,5,5,4,5,4,4,5,5,5,1,4,1,5,2,0,9,0,9,1,2,5,2,2,2,2,2,4,4,4,2,1,4,4,4,4,5,1,2,5,1,5,3,2,4,4,5,4,4,4,4,4,0,9,9,9,9,9,9,9,9,2,1,8,4,3,4,4,4,3,4,4,4,4,2,2,1,1,3.0,1,2,1,3,4.0,1
538,3,4,4,4,3,2,3,3,4,4,3,3,3,3,3,0,9,0,9,3,3,4,3,3,3,3,3,3,3,3,3,3,3,3,3,3,3,3,4,3,1,5,3,3,5,5,4,5,4,4,4,4,0,9,9,9,9,9,9,9,9,2,0,9,4,4,4,4,3,3,4,4,4,4,3,3,0,1,1.0,1,1,2,1,6.0,1
539,4,4,3,4,3,4,2,2,5,4,2,2,3,3,3,0,9,0,9,4,4,3,3,3,2,2,4,4,3,4,3,5,4,4,2,3,3,4,4,4,1,4,3,4,5,4,4,4,3,3,3,3,0,9,9,9,9,9,9,9,9,9,0,9,4,5,4,4,3,3,3,4,1,4,2,1,1,1,3.0,1,2,2,2,2.0,1
540,5,5,5,5,5,2,2,4,5,4,1,1,1,1,5,0,9,0,9,5,3,4,3,5,5,1,5,1,4,5,5,5,4,4,1,3,4,1,4,5,1,5,4,1,5,4,5,5,5,5,4,5,0,9,9,9,9,9,9,9,9,3,1,5,5,5,5,5,5,5,5,5,5,2,5,3,1,2,7.0,1,1,1,1,8.0,2
541,5,4,3,5,5,3,1,2,4,4,4,4,4,4,1,0,9,0,9,3,1,4,4,4,1,1,4,3,3,5,4,3,3,4,2,3,2,4,3,3,1,5,4,4,5,3,4,3,3,2,4,1,0,9,9,9,9,9,9,9,9,9,1,3,4,4,5,4,3,1,3,2,5,4,4,3,2,2,4.0,3,2,1,3,8.0,2
542,4,4,4,5,4,2,2,4,4,5,1,2,1,1,4,0,9,0,9,4,2,4,3,5,4,2,3,3,5,4,4,3,2,4,2,4,3,2,2,4,0,9,9,9,9,9,9,9,9,9,9,9,9,4,4,3,5,3,3,1,0,9,1,3,4,4,4,4,4,3,4,3,5,4,3,1,2,2,5.0,3,1,1,3,8.0,2
543,3,5,5,2,2,4,1,2,5,5,3,3,3,3,4,0,9,0,9,2,4,5,3,4,4,3,4,4,4,4,5,3,5,5,5,5,5,5,5,4,0,9,9,9,9,9,9,9,9,9,9,9,9,3,3,3,5,2,5,3,0,3,1,1,4,2,4,2,4,3,4,4,3,4,3,1,1,1,7.0,1,7,1,2,8.0,2
544,3,4,4,2,3,0,5,3,2,3,2,4,3,3,3,0,9,0,9,2,3,4,4,3,3,3,4,2,4,4,4,4,4,2,5,2,3,2,2,4,0,9,9,9,9,9,9,9,9,9,9,9,9,5,0,0,0,0,0,0,0,2,1,6,5,4,4,4,2,2,4,4,2,3,1,2,2,1,,1,1,1,3,8.0,2
545,4,5,4,3,3,2,4,3,4,4,3,4,3,3,3,0,9,0,9,2,3,5,2,3,4,3,4,4,3,4,2,1,4,4,4,3,4,4,4,5,0,9,9,9,9,9,9,9,9,9,9,9,9,5,0,0,0,0,0,0,0,2,1,3,4,3,3,3,4,4,4,4,3,4,3,2,1,1,7.0,1,1,2,2,8.0,2
546,2,2,2,2,4,4,2,2,3,2,2,2,4,2,2,0,9,0,9,2,3,3,4,4,3,4,4,2,4,3,3,3,4,4,4,3,4,4,4,4,0,9,9,9,9,9,9,9,9,9,9,9,9,0,0,0,0,0,0,0,0,1,1,1,4,4,4,3,2,2,4,3,2,2,2,2,1,1,8.0,1,1,1,3,8.0,2
547,4,4,4,3,3,4,3,4,3,3,3,0,4,4,3,0,9,0,9,3,3,3,3,4,2,5,3,3,4,4,3,3,0,4,4,3,3,4,3,3,0,9,9,9,9,9,9,9,9,9,9,9,9,5,0,0,0,0,0,0,0,1,1,3,5,5,5,5,2,2,5,2,2,2,2,2,0,1,8.0,3,7,1,4,8.0,2
548,3,3,4,4,4,4,4,4,4,2,2,4,2,2,2,0,9,0,9,2,3,4,5,3,3,4,5,4,3,4,3,2,4,4,3,4,4,2,4,4,0,9,9,9,9,9,9,9,9,9,9,9,9,5,2,3,5,3,3,3,0,10,0,9,5,5,2,4,4,4,4,4,4,4,4,3,2,1,6.0,1,2,1,3,8.0,2
549,3,4,4,4,4,1,1,4,4,4,2,2,1,1,5,0,9,1,4,4,2,4,3,4,2,2,4,2,3,3,3,3,3,3,4,2,4,3,3,3,0,9,9,9,9,9,9,9,9,9,9,9,9,5,3,3,1,1,1,1,0,9,1,5,3,3,4,3,4,3,3,4,2,3,1,1,1,1,8.0,1,2,2,4,8.0,2
550,3,5,5,3,2,1,4,4,4,4,4,4,4,4,2,1,1,0,9,1,3,4,5,3,2,2,4,3,2,4,4,5,4,4,4,3,4,4,4,3,2,0,0,0,0,0,0,0,0,0,0,0,0,0,0,0,0,0,0,0,0,2,1,0,4,4,4,4,4,4,4,4,4,4,4,1,3,1,7.0,1,2,1,0,8.0,2
551,3,3,3,3,3,3,3,3,3,3,3,3,3,3,3,1,0,1,2,5,4,3,2,1,1,3,5,4,2,5,4,3,2,1,2,4,5,4,3,2,2,5,4,3,2,1,2,3,4,5,4,3,0,4,4,3,2,3,4,5,0,9,0,9,4,4,4,4,4,4,4,4,4,4,4,1,2,1,7.0,1,1,1,3,8.0,2
552,4,5,4,4,4,2,2,3,4,4,1,1,1,1,4,1,1,0,9,4,3,3,3,3,2,2,3,3,4,4,5,4,4,4,4,4,4,3,3,4,0,9,9,9,9,9,9,9,9,9,9,9,9,5,1,1,1,1,1,1,1,2,1,3,4,4,4,4,4,3,4,3,4,4,4,1,1,2,6.0,3,2,1,3,8.0,2
553,4,5,4,4,4,4,1,5,2,4,3,3,2,2,4,0,9,0,9,4,3,3,2,4,2,2,3,2,4,4,4,3,4,4,3,4,4,3,2,4,0,9,9,9,9,9,9,9,9,9,9,9,9,4,1,1,1,1,1,1,1,2,1,3,4,4,4,4,3,4,4,3,4,4,3,2,1,1,6.0,3,2,1,3,8.0,2
554,2,4,4,2,4,3,3,3,4,4,2,2,4,3,3,0,9,0,9,4,3,3,2,2,2,2,4,2,4,4,4,2,4,3,4,4,4,4,4,4,1,4,3,3,4,4,4,4,3,4,3,2,0,9,9,9,9,9,9,9,9,9,2,0,4,4,5,5,3,2,4,4,4,4,4,3,2,2,4.0,1,1,1,2,8.0,2
555,4,4,4,4,4,4,3,3,4,3,2,2,2,2,5,0,9,0,9,3,2,4,2,3,4,3,3,4,4,3,4,1,2,3,4,3,3,2,3,4,1,5,3,2,5,5,5,5,3,4,4,3,0,9,9,9,9,9,9,9,9,9,1,1,4,3,5,5,4,3,4,4,4,3,1,0,2,2,4.0,1,1,2,2,8.0,2
556,5,4,4,1,2,3,2,4,4,4,1,1,1,1,5,0,9,0,9,1,2,4,4,4,2,2,2,2,2,4,3,2,2,3,4,2,4,4,4,4,0,9,9,9,9,9,9,9,9,9,9,9,9,4,1,1,1,1,1,1,1,2,1,5,5,5,5,5,2,2,5,5,5,2,3,2,1,1,5.0,1,2,1,3,8.0,2
557,5,5,5,3,4,3,4,2,5,4,2,2,2,4,1,0,9,0,9,1,3,5,4,3,5,5,5,4,4,5,4,3,4,5,5,4,4,2,4,5,0,9,9,9,9,9,9,9,9,9,9,9,9,1,1,1,5,1,1,3,0,2,0,9,5,5,5,3,4,3,4,5,3,4,2,2,1,1,2.0,1,1,1,2,8.0,2
558,3,5,5,4,2,3,1,5,5,4,2,2,2,2,5,0,9,0,9,4,4,4,5,4,1,1,3,4,4,5,5,5,4,4,4,4,4,2,4,4,0,9,9,9,9,9,9,9,9,9,9,9,9,4,1,2,3,2,1,1,0,4,0,9,4,4,4,4,4,4,5,5,5,4,3,2,3,1,7.0,1,1,1,2,8.0,2
559,3,4,5,4,3,1,5,4,4,4,3,3,3,3,3,1,1,0,9,2,2,2,3,3,3,3,3,3,4,4,4,4,4,4,4,4,4,2,4,4,0,9,9,9,9,9,9,9,9,9,9,9,9,5,1,1,1,1,1,1,0,4,0,9,5,4,4,3,3,3,4,4,3,3,3,2,1,1,7.0,1,1,1,2,8.0,2
560,4,4,4,3,3,1,3,2,3,3,2,2,2,2,4,0,9,0,9,1,2,4,4,4,3,3,4,2,3,3,4,4,3,3,5,3,3,2,1,3,2,9,9,9,9,9,9,9,9,9,9,9,9,9,9,9,9,9,9,9,9,4,0,9,5,5,5,3,3,3,4,4,2,2,1,1,1,1,7.0,1,2,1,3,8.0,2
561,2,4,4,3,4,1,1,1,2,4,1,1,1,3,1,0,9,0,9,2,2,4,3,4,3,4,4,3,3,4,4,4,4,3,5,3,4,2,3,3,2,9,9,9,9,9,9,9,9,9,9,9,9,9,9,9,9,9,9,9,9,2,0,9,5,4,5,4,4,4,5,5,4,4,3,1,2,1,7.0,1,1,1,3,8.0,2
562,3,4,5,4,5,3,1,3,3,5,1,2,2,2,4,0,9,1,3,3,2,4,3,3,2,2,4,2,3,4,5,5,4,5,4,3,3,4,4,4,0,9,9,9,9,9,9,9,9,9,9,9,9,4,0,0,0,0,0,5,8,11,1,3,4,4,4,4,4,2,5,4,3,4,4,2,2,2,5.0,3,1,1,3,8.0,2
563,3,4,2,4,4,2,2,2,4,3,3,3,3,3,4,0,9,0,9,4,2,5,2,3,1,1,3,2,3,4,3,3,5,4,5,2,3,3,4,4,1,4,3,2,2,4,4,4,2,4,2,2,0,9,9,9,9,9,9,9,9,2,1,3,4,3,4,5,4,2,3,2,3,4,2,1,2,2,4.0,3,2,1,3,8.0,2
564,1,4,3,3,4,3,1,3,2,4,3,4,3,3,3,0,9,0,9,4,1,2,4,3,2,3,3,3,3,3,4,3,4,3,3,3,4,3,3,3,1,4,3,2,4,5,4,4,2,2,3,3,0,9,9,9,9,9,9,9,9,2,1,0,4,4,5,5,4,4,4,4,4,4,3,1,1,1,5.0,3,2,1,3,8.0,2
565,3,4,4,4,4,2,2,4,4,4,4,4,4,4,2,0,9,0,9,3,3,4,2,5,2,4,3,2,3,4,4,4,3,4,5,3,3,1,1,4,1,5,5,5,5,5,5,5,3,5,5,4,0,5,1,1,3,1,1,1,9,1,1,3,4,2,5,5,4,4,4,4,4,4,2,1,1,1,5.0,14,2,1,3,8.0,2
566,4,5,3,4,4,4,1,3,4,3,1,1,1,1,5,0,9,0,9,4,3,4,4,4,2,2,3,2,4,2,4,4,4,4,4,4,4,2,3,3,1,4,4,4,4,4,4,4,3,4,4,4,0,9,9,9,9,9,9,9,9,1,1,3,5,5,5,5,5,5,5,5,5,5,5,1,1,1,5.0,3,2,1,3,8.0,2
567,4,5,5,3,3,1,1,4,4,3,1,1,1,1,2,1,1,1,2,4,4,5,4,4,3,3,4,3,3,5,1,4,4,4,3,4,4,3,5,4,1,5,4,2,5,3,5,3,4,5,5,3,0,1,3,1,1,1,3,0,9,10,1,3,5,2,4,4,4,3,4,4,4,4,5,1,1,1,6.0,5,2,2,3,8.0,2
568,3,4,4,2,2,3,4,3,3,3,1,4,1,1,3,0,9,1,6,1,3,4,5,3,2,2,3,2,2,4,4,2,3,2,4,3,3,2,4,3,0,9,9,9,9,9,9,9,9,9,9,9,9,4,3,3,4,2,3,3,0,9,1,0,4,4,5,5,5,2,4,4,2,3,2,2,1,1,5.0,1,2,1,2,8.0,2
569,5,4,4,3,2,2,4,5,5,4,1,1,2,2,5,0,9,0,9,2,4,5,3,4,4,3,4,4,3,4,4,3,4,4,5,4,4,2,4,3,1,4,3,3,5,5,4,3,4,4,4,4,0,9,9,9,9,9,9,9,9,2,1,3,4,2,4,5,3,2,5,4,3,3,2,2,2,1,8.0,1,1,1,1,8.0,2
570,4,4,4,4,4,3,4,5,5,4,2,4,3,4,3,0,9,0,9,3,4,3,5,4,3,2,4,4,4,4,3,3,5,3,5,3,3,2,3,3,1,5,4,4,5,5,5,5,3,4,3,5,0,9,9,9,9,9,9,9,9,3,0,9,5,2,4,4,2,3,3,4,4,3,1,2,1,1,1.0,1,1,1,1,8.0,2
571,5,5,4,3,3,3,4,5,5,4,3,4,4,3,1,1,1,0,9,3,4,4,3,3,3,3,4,4,3,4,3,1,4,4,3,3,4,4,4,4,0,9,9,9,9,9,9,9,9,9,9,9,9,1,3,3,5,1,3,3,0,2,1,3,4,4,4,3,3,3,5,4,3,4,3,2,3,1,2.0,1,1,2,1,8.0,2
572,2,5,4,3,4,2,4,5,4,3,3,3,4,4,2,0,9,0,9,4,3,4,4,4,3,4,3,4,4,4,4,3,3,3,3,4,4,4,4,4,1,5,4,4,4,4,4,4,4,4,4,0,0,9,9,9,9,9,9,9,9,2,0,9,3,3,4,4,4,3,4,4,4,4,3,2,1,1,5.0,15,1,1,1,8.0,2
573,4,5,4,5,4,2,4,4,5,5,1,1,3,2,4,0,9,0,9,2,3,5,2,3,4,3,3,5,5,4,5,4,4,5,4,5,4,2,2,5,1,5,5,2,5,5,5,5,4,4,4,5,0,9,9,9,9,9,9,9,9,1,0,9,4,5,4,4,4,2,4,5,4,2,3,1,1,1,5.0,1,2,1,1,8.0,2
574,3,5,5,4,2,1,5,3,4,5,2,4,3,3,2,0,9,0,9,2,2,4,3,3,3,3,3,3,3,4,4,3,4,5,5,4,4,2,2,4,0,9,9,9,9,9,9,9,9,9,9,9,9,5,1,3,3,1,3,3,2,1,0,9,4,5,5,5,4,2,5,5,4,3,3,1,1,1,4.0,3,2,1,1,8.0,2
575,5,4,3,3,3,3,3,4,4,4,3,3,4,3,3,0,9,0,9,4,4,4,3,4,3,3,3,3,4,4,4,4,3,3,3,3,3,3,3,3,1,4,4,3,5,4,4,4,4,4,4,4,0,9,9,9,9,9,9,9,9,11,0,9,5,2,3,3,3,3,4,4,4,4,3,2,2,1,7.0,11,3,1,1,8.0,2
576,4,5,4,4,4,3,4,4,2,4,3,4,3,4,2,1,1,1,0,4,4,2,3,4,3,4,4,3,4,3,2,4,3,3,4,1,4,3,2,1,1,5,3,3,4,5,5,5,4,4,3,0,0,3,5,3,3,2,4,5,9,4,1,0,4,5,5,5,4,4,5,5,4,4,3,1,1,1,5.0,10,3,1,1,8.0,2
577,4,4,4,4,3,4,2,2,4,4,2,2,2,2,4,1,1,0,9,4,3,4,4,4,2,2,4,3,4,4,3,4,4,4,4,4,4,4,4,4,0,9,9,9,9,9,9,9,9,9,9,9,9,1,2,2,5,2,2,2,0,4,1,7,5,5,5,3,3,5,5,5,5,5,1,1,1,1,3.0,11,3,1,1,8.0,2
578,4,3,4,4,5,2,2,5,5,3,4,4,2,2,2,0,9,0,9,3,2,4,2,4,3,2,3,4,4,4,4,5,2,4,4,4,4,3,4,4,1,5,2,4,5,2,5,5,2,5,4,4,0,2,2,2,2,2,2,2,9,2,1,3,4,4,4,4,4,2,3,4,4,4,2,1,1,1,3.0,8,3,2,1,8.0,2
579,4,4,3,2,2,2,4,4,4,4,2,2,2,2,4,0,9,0,9,1,4,4,2,3,3,1,4,4,4,4,4,4,4,4,5,4,4,2,2,4,0,9,9,9,9,9,9,9,9,9,9,9,9,2,2,4,4,2,2,2,0,1,1,0,5,5,5,5,3,3,3,5,4,4,3,1,1,1,4.0,1,2,1,1,8.0,2
580,4,4,4,2,1,2,4,4,4,4,1,4,4,1,1,1,1,1,4,1,4,5,4,4,2,3,4,2,2,4,3,4,2,3,4,3,3,3,1,3,1,4,1,2,5,5,5,5,4,5,4,5,0,9,9,9,9,9,9,9,9,1,1,3,5,4,4,4,4,5,4,5,5,5,4,1,1,1,4.0,8,3,1,1,8.0,2
581,3,5,4,2,4,2,2,4,2,2,1,1,1,1,5,0,9,0,9,2,3,5,5,2,2,2,4,4,4,4,3,2,3,3,5,4,3,3,3,5,1,5,4,1,5,3,5,4,2,5,2,5,0,9,9,9,9,9,9,9,9,11,1,0,4,4,4,3,2,2,3,3,3,2,2,2,3,1,1.0,1,2,1,1,8.0,2
582,4,5,4,4,3,2,4,2,2,4,3,4,3,3,2,1,1,0,9,2,3,4,2,4,4,4,2,4,3,5,5,4,3,4,4,3,4,2,2,3,1,4,4,2,4,3,5,4,3,4,2,3,0,9,9,9,9,9,9,9,9,11,0,9,5,4,5,5,5,5,4,5,2,4,2,2,1,1,1.0,1,1,1,1,8.0,2
583,3,5,5,5,5,4,4,3,5,4,3,3,3,3,3,0,9,0,9,1,2,5,3,4,3,3,3,3,3,3,3,4,3,4,4,3,4,1,4,5,0,9,9,9,9,9,9,9,9,9,9,9,9,0,0,0,0,0,0,0,1,1,1,0,0,0,0,0,0,0,0,0,0,0,0,1,1,2,7.0,1,1,1,4,8.0,2
584,4,5,3,3,3,2,3,3,5,4,3,3,3,3,5,0,9,0,9,2,3,4,3,3,5,5,3,3,4,4,3,3,3,5,4,2,3,5,3,3,1,4,1,3,4,4,4,3,3,3,3,3,0,9,9,9,9,9,9,9,9,9,2,0,4,4,5,5,4,3,3,4,5,4,5,1,1,1,4.0,3,1,1,4,8.0,2
585,4,5,4,4,3,4,2,3,5,5,3,3,3,3,4,0,9,0,9,3,4,5,4,5,2,2,4,4,3,4,4,3,3,5,3,4,4,2,3,4,1,5,2,3,5,4,4,5,3,4,2,3,0,9,9,9,9,9,9,9,9,9,2,0,4,3,4,4,5,3,4,5,4,4,2,3,2,1,6.0,1,2,1,3,8.0,2
586,3,4,3,4,2,4,3,3,3,4,4,4,1,1,1,0,9,0,9,4,4,4,5,4,1,1,4,2,3,3,4,4,2,2,4,3,2,4,4,3,0,9,9,9,9,9,9,9,9,9,9,9,9,5,1,4,1,3,1,4,0,2,0,9,4,5,0,4,3,4,4,4,4,4,1,1,1,1,8.0,1,1,1,0,8.0,2
587,2,4,4,2,5,2,5,1,4,4,1,3,2,1,5,0,9,0,9,4,2,2,5,3,3,2,3,2,3,2,4,3,3,3,4,2,4,2,2,3,0,9,9,9,9,9,9,9,9,9,9,9,9,0,0,0,0,0,0,5,8,4,0,9,3,4,4,3,4,1,4,4,3,5,1,2,2,1,8.0,1,1,1,4,8.0,2
588,4,5,4,4,3,2,1,3,1,4,2,2,2,2,4,0,9,2,0,2,2,4,4,3,3,2,4,4,3,4,4,3,3,5,3,4,4,2,3,4,0,9,9,9,9,9,9,9,9,9,9,9,9,2,2,4,3,1,2,1,0,9,0,9,4,4,5,5,4,2,5,5,4,3,1,1,1,1,4.0,1,1,2,4,8.0,2
589,3,4,3,2,4,3,3,4,2,4,2,2,1,1,5,0,9,0,9,2,3,5,5,3,2,2,4,5,3,4,3,3,3,4,4,3,3,2,3,3,0,9,9,9,9,9,9,9,9,9,9,9,9,3,2,4,4,2,3,2,0,9,0,9,4,4,3,3,3,4,4,4,2,4,1,1,1,1,4.0,3,1,2,4,8.0,2
590,2,4,4,2,4,2,2,4,5,5,2,5,3,4,1,0,9,0,9,4,2,5,4,4,1,1,0,4,4,4,5,5,4,4,5,4,4,4,4,4,0,9,9,9,9,9,9,9,9,9,9,9,9,0,0,0,0,0,0,5,1,4,1,0,4,4,5,5,1,1,4,5,4,1,1,1,2,1,8.0,1,2,1,4,8.0,2
591,4,4,4,4,2,2,2,2,4,3,2,2,2,2,4,0,9,0,9,2,4,4,4,4,2,2,5,1,4,2,3,3,4,2,4,3,2,2,3,4,0,9,9,9,9,9,9,9,9,9,9,9,9,5,0,0,0,0,0,0,0,4,1,1,5,5,5,4,4,4,5,5,4,3,3,1,2,1,8.0,1,2,1,4,8.0,2
592,2,4,4,3,4,4,2,2,4,3,4,4,1,1,1,0,9,1,4,2,3,3,4,4,3,3,4,2,2,2,2,3,3,2,5,2,4,2,2,4,0,9,9,9,9,9,9,9,9,9,9,9,9,0,0,0,0,0,0,0,1,9,0,9,5,4,4,4,3,2,4,4,4,5,4,2,3,2,6.0,1,1,1,4,8.0,2
593,4,4,4,3,4,2,4,2,2,4,2,4,3,4,1,0,9,0,9,2,3,4,5,3,3,3,4,4,3,4,4,4,3,4,4,4,4,4,4,4,0,9,9,9,9,9,9,9,9,9,9,9,9,5,0,0,0,0,0,0,0,3,0,9,5,4,4,4,3,3,4,4,3,3,3,1,3,1,7.0,1,2,1,4,8.0,2
594,4,4,4,4,4,3,3,3,4,4,3,3,3,3,4,0,9,0,9,3,3,3,3,3,3,3,3,3,4,4,3,4,4,4,5,3,4,4,4,4,0,9,9,9,9,9,9,9,9,9,9,9,9,3,3,4,3,3,3,3,0,9,0,9,4,4,4,4,4,1,4,4,3,3,3,2,1,1,1.0,1,1,2,1,6.0,1
595,4,5,4,2,4,3,2,2,5,4,2,2,4,2,2,0,9,0,9,4,4,4,5,5,1,4,5,2,4,3,2,3,4,4,5,2,4,3,1,5,1,5,4,1,5,4,4,5,5,5,5,5,0,9,9,9,9,9,9,9,9,3,0,9,4,5,5,4,4,3,4,5,5,3,2,1,1,2,2.0,1,2,1,2,3.0,1
596,4,5,4,4,4,2,4,4,5,4,4,4,4,4,3,0,9,0,9,4,3,4,4,3,2,2,3,4,3,4,4,4,4,4,4,4,4,3,4,4,1,5,3,4,5,4,4,4,3,4,4,4,0,9,9,9,9,9,9,9,9,9,0,9,4,5,4,3,3,3,4,4,3,4,1,1,1,1,5.0,1,1,0,4,6.0,1
597,4,4,5,5,5,4,5,2,4,4,2,2,1,1,3,0,9,0,9,2,4,4,4,2,3,2,2,3,3,4,3,3,4,4,3,4,4,3,3,5,1,4,3,2,4,2,4,4,2,2,2,3,0,9,9,9,9,9,9,9,9,9,0,9,4,4,2,3,2,1,3,3,3,4,2,2,2,2,2.0,1,1,2,1,4.0,1
598,4,4,5,5,4,3,2,4,4,4,2,2,2,2,4,0,9,0,9,2,5,4,4,4,4,2,2,4,4,5,4,3,4,4,4,4,3,4,3,4,1,5,5,4,4,4,5,4,4,3,5,4,0,9,9,9,9,9,9,9,9,9,0,9,4,4,3,4,5,4,4,5,3,3,3,1,1,1,2.0,1,2,1,1,4.0,1
599,4,4,4,4,3,4,4,2,5,4,2,2,2,2,4,1,0,0,9,3,4,4,2,4,2,2,3,3,3,4,3,4,3,2,4,2,4,2,4,3,1,4,2,2,4,4,4,4,4,4,3,4,0,9,9,9,9,9,9,9,9,9,0,9,9,9,9,9,9,9,9,9,9,9,9,1,1,1,1.0,1,2,0,1,6.0,1
600,4,5,5,5,5,1,1,4,3,5,1,1,1,4,2,0,9,0,9,3,2,4,1,4,4,3,4,2,4,4,4,5,3,4,4,3,3,3,4,4,0,9,9,9,9,9,9,9,9,9,9,9,9,1,4,3,4,2,4,3,0,6,1,5,4,3,5,3,3,3,4,3,3,4,3,2,2,1,5.0,16,3,1,2,2.0,1
601,2,5,4,4,5,1,2,2,5,4,2,2,4,4,2,1,1,0,4,2,2,4,2,3,2,1,4,3,5,4,4,0,5,4,5,4,4,2,4,5,1,4,2,2,4,4,4,4,2,2,2,4,1,9,9,9,9,9,9,9,9,1,0,9,4,5,5,4,2,2,5,4,4,4,2,1,2,2,5.0,1,1,1,4,4.0,1
602,3,4,4,4,4,3,4,2,4,5,3,3,4,3,3,1,1,0,9,3,3,4,3,4,3,3,4,4,4,4,4,5,4,4,5,5,4,4,4,4,1,4,4,4,5,5,5,5,4,4,4,5,0,9,9,9,9,9,9,9,9,9,0,9,3,4,4,4,3,3,5,4,4,4,3,3,1,1,1.0,1,2,1,1,6.0,1
603,4,5,5,4,4,2,2,3,4,5,3,3,3,3,5,0,9,0,9,3,2,5,4,4,3,3,3,3,2,4,4,4,4,4,5,4,4,4,4,4,1,5,3,3,4,4,5,4,3,5,3,3,0,9,9,9,9,9,9,9,9,9,0,9,4,2,4,4,5,3,5,4,3,3,3,3,1,1,2.0,1,2,1,1,3.0,1
604,2,4,3,3,2,2,2,4,4,0,2,3,2,3,4,0,9,0,9,3,4,4,4,3,4,2,4,3,4,4,3,3,3,3,4,3,4,4,4,4,1,4,3,4,4,4,4,4,4,4,4,3,0,9,9,9,9,9,9,9,9,2,2,0,4,4,5,5,4,3,4,4,4,4,3,3,0,2,1.0,7,2,2,1,5.0,1
605,3,5,5,5,4,2,2,4,5,5,3,3,3,3,3,0,9,0,9,4,4,5,3,4,4,2,4,3,4,5,4,4,4,4,5,4,4,4,4,4,0,9,9,9,9,9,9,9,9,9,9,9,9,2,2,2,2,2,2,2,3,0,0,9,4,2,4,4,5,3,4,5,4,4,4,1,1,2,2.0,1,2,1,1,6.0,1
606,3,5,4,4,4,2,1,5,5,5,1,1,1,1,5,0,9,0,9,2,2,5,4,4,2,2,3,4,4,4,4,4,4,4,5,4,4,5,4,3,1,4,4,3,4,4,5,4,4,4,4,4,0,9,9,9,9,9,9,9,9,2,1,5,4,4,5,5,5,3,4,5,5,5,3,2,1,1,2.0,1,2,2,1,5.0,1
607,4,5,4,3,4,3,2,5,5,4,5,4,3,5,3,0,9,0,9,4,4,5,4,4,3,4,4,3,4,4,3,1,3,3,3,3,3,2,3,3,1,5,3,3,5,5,5,4,5,4,4,3,0,9,9,9,9,9,9,9,9,4,0,9,4,4,4,3,3,3,4,5,3,3,3,3,2,1,4.0,1,1,2,2,7.0,1
608,4,4,4,3,4,4,2,3,4,4,2,2,2,2,4,0,9,0,9,4,3,4,3,4,3,3,4,3,4,4,4,4,4,3,4,2,4,4,4,4,1,4,4,3,4,4,4,4,3,4,3,3,0,9,9,9,9,9,9,9,9,9,0,9,5,5,4,4,3,4,4,4,3,4,2,3,1,1,2.0,1,2,1,1,3.0,1
609,3,4,4,4,4,4,2,4,4,4,3,4,4,4,2,1,1,0,9,2,4,3,5,4,3,2,5,2,2,4,3,3,4,4,4,3,4,1,1,2,1,5,4,4,5,4,4,4,4,4,4,4,0,9,9,9,9,9,9,9,9,10,0,9,4,4,5,5,3,4,5,4,4,4,3,2,2,1,5.0,1,2,2,4,1.0,1
610,2,4,5,4,5,2,5,5,4,4,2,2,2,2,4,1,1,0,9,2,2,3,3,4,2,2,2,4,3,2,3,1,4,4,4,4,4,2,2,4,1,4,4,4,5,5,4,5,2,4,2,4,0,9,9,9,9,9,9,9,9,9,0,9,4,4,5,5,2,2,2,2,3,4,2,2,1,1,5.0,1,1,1,4,6.0,1
611,2,4,4,5,5,3,2,3,4,4,2,5,3,3,1,0,9,0,9,4,3,2,4,3,3,3,3,4,4,3,4,4,2,4,4,4,4,2,3,4,1,4,5,3,4,4,4,4,4,3,4,3,0,9,9,9,9,9,9,9,9,9,0,9,4,4,4,4,2,2,4,4,4,4,3,3,1,1,5.0,1,1,1,3,5.0,1
612,5,3,4,5,5,4,4,4,4,4,3,3,5,4,3,0,9,0,9,2,4,4,4,5,3,3,4,2,2,2,3,2,4,4,3,3,3,2,3,3,0,9,9,9,9,9,9,9,9,9,9,9,9,3,0,3,5,3,0,3,8,10,0,9,4,4,4,4,3,3,5,4,3,3,5,3,2,1,3.0,1,1,1,3,6.0,1
613,3,4,5,4,5,2,1,4,5,5,4,4,4,4,1,0,9,0,9,4,4,4,2,4,3,3,4,2,4,4,4,5,4,4,5,2,4,5,5,4,0,9,9,9,9,9,9,9,9,9,9,9,9,2,2,4,4,2,2,2,0,9,0,9,5,4,4,3,3,3,3,4,3,4,2,3,1,1,2.0,1,1,2,1,7.0,1
614,3,4,4,2,3,2,4,3,4,4,2,3,3,3,4,0,9,2,0,2,4,4,4,4,3,3,4,3,4,4,3,3,4,3,4,4,4,3,3,3,0,9,9,9,9,9,9,9,9,9,9,9,9,2,4,4,5,2,5,1,0,2,0,9,5,5,4,5,4,3,3,3,2,4,2,2,2,1,4.0,1,2,1,2,6.0,1
615,5,5,5,3,3,2,2,5,5,5,3,3,3,3,4,0,9,0,9,3,5,5,4,4,3,2,3,4,4,5,5,3,3,3,4,4,4,4,4,4,0,9,9,9,9,9,9,9,9,9,9,9,9,3,3,4,5,3,5,3,0,4,1,5,5,5,5,4,5,2,4,4,4,5,3,2,3,1,3.0,1,0,1,2,4.0,1
616,3,2,4,5,5,4,2,2,4,3,3,1,4,4,3,0,9,0,9,3,4,0,2,3,4,3,4,4,4,5,5,4,4,3,5,3,3,3,3,4,0,9,9,9,9,9,9,9,9,9,9,9,9,2,2,2,4,1,2,2,0,9,0,9,4,4,4,4,4,4,4,4,3,3,2,3,1,1,6.0,1,1,1,4,3.0,1
617,3,4,4,4,3,5,1,4,5,3,2,3,3,2,1,1,1,1,5,2,4,3,3,4,4,3,4,3,2,2,4,3,4,4,5,4,2,2,2,4,0,9,9,9,9,9,9,9,9,9,9,9,9,2,4,4,4,3,4,4,0,2,0,9,4,4,4,4,3,3,4,4,4,3,2,1,2,2,4.0,1,2,1,4,4.0,1
618,3,5,5,3,5,4,2,5,5,3,2,2,2,4,3,0,9,1,6,2,4,4,5,4,2,2,2,2,3,4,5,4,4,4,5,3,2,2,2,4,1,5,5,5,5,5,5,4,4,2,2,3,0,9,9,9,9,9,9,9,9,4,1,5,4,4,5,5,3,3,4,5,1,1,1,1,1,1,4.0,1,2,1,3,6.0,1
619,2,5,4,2,3,4,2,2,3,4,1,1,1,4,3,0,9,0,9,2,3,4,3,4,2,4,5,3,4,3,3,4,4,4,5,2,2,4,4,4,1,4,3,2,4,4,4,5,4,3,4,2,0,9,9,9,9,9,9,9,9,9,0,9,4,4,4,4,2,2,5,4,3,2,1,3,2,1,2.0,1,1,1,2,7.0,1
620,4,4,3,2,2,1,1,3,4,5,1,1,1,1,5,0,9,0,9,2,4,5,3,5,4,1,3,4,4,4,4,3,4,3,5,4,4,2,4,5,1,5,1,2,5,3,4,4,3,4,3,5,0,9,9,9,9,9,9,9,9,2,1,3,5,5,4,4,3,4,5,5,3,3,1,1,1,1,7.0,1,1,1,3,6.0,1
621,4,5,4,4,4,3,1,5,1,5,4,3,4,5,3,0,9,1,8,5,3,5,2,4,4,5,5,4,5,5,4,5,3,4,4,3,3,3,4,4,1,5,5,2,5,4,4,4,4,4,3,2,0,9,9,9,9,9,9,9,9,1,1,2,4,4,4,4,4,4,4,5,2,4,3,3,1,1,3.0,1,1,2,2,7.0,1
622,2,5,5,5,5,2,2,4,5,5,5,3,4,4,1,0,9,0,9,4,1,5,1,4,1,1,3,4,4,5,5,5,5,4,5,5,5,5,5,5,0,9,9,9,9,9,9,9,9,9,9,9,9,5,1,1,1,1,1,1,0,2,1,2,4,4,5,4,4,1,5,4,5,3,3,2,1,2,3.0,1,2,1,1,6.0,1
623,4,4,4,4,4,3,4,3,4,4,4,4,4,3,2,1,1,0,9,4,3,3,4,3,3,2,4,3,4,4,4,4,3,4,4,3,3,4,4,4,1,5,4,3,5,4,4,4,4,4,3,3,0,9,9,9,9,9,9,9,9,3,0,9,4,5,5,5,1,3,4,4,4,4,3,1,1,2,3.0,1,1,2,3,3.0,1
624,4,4,4,4,4,2,1,4,4,4,3,3,3,3,4,0,9,0,9,2,4,4,2,5,2,2,4,1,4,4,5,3,4,4,5,3,4,4,2,4,0,9,9,9,9,9,9,9,9,9,9,9,9,0,0,4,4,0,4,0,0,2,1,6,5,5,5,4,3,3,4,3,2,4,2,2,2,1,4.0,1,1,1,2,5.0,1
625,2,4,4,3,4,2,1,4,4,3,3,4,1,1,1,0,9,1,4,2,4,4,4,4,3,2,4,2,3,2,4,5,4,4,5,3,2,2,2,4,0,9,9,9,9,9,9,9,9,9,9,9,9,3,3,3,3,3,4,4,0,4,0,9,3,3,4,4,3,3,4,4,2,3,2,2,2,1,4.0,1,2,1,2,6.0,1
626,5,4,0,5,4,3,5,3,5,4,5,5,1,2,3,0,9,0,9,5,5,5,3,3,5,2,4,3,4,4,2,3,1,2,2,4,4,4,2,2,1,5,5,3,5,5,5,3,3,3,3,3,0,9,9,9,9,9,9,9,9,2,2,0,5,4,4,3,3,2,3,4,3,2,2,1,1,2,2.0,1,1,1,1,2.0,1
627,4,4,5,4,2,2,2,3,4,4,4,4,4,4,2,1,1,0,9,4,4,3,4,4,2,2,4,4,4,4,4,3,4,4,4,4,4,4,4,4,1,5,2,2,5,5,5,5,5,5,5,4,0,9,9,9,9,9,9,9,9,9,0,9,4,4,4,5,4,4,4,5,5,4,4,3,1,2,2.0,15,7,1,1,3.0,1
628,3,5,4,4,4,2,4,3,5,5,4,4,4,2,1,0,9,0,9,4,4,5,3,5,1,1,4,4,4,4,4,5,5,5,5,2,3,3,3,5,1,5,5,3,5,5,5,5,5,5,5,3,0,9,9,9,9,9,9,9,9,2,0,9,4,5,5,4,4,4,5,5,5,4,3,1,3,1,1.0,1,2,1,1,3.0,1
629,4,5,4,5,0,2,1,5,4,3,1,1,1,3,3,0,9,0,9,5,3,5,3,2,2,2,3,4,3,4,3,5,4,2,5,3,4,4,4,4,0,9,9,9,9,9,9,9,9,9,9,9,9,3,3,5,4,3,3,1,0,9,0,9,5,4,4,3,1,3,3,4,3,4,3,3,1,1,2.0,1,2,0,2,1.0,1
630,4,5,4,5,5,5,1,4,5,3,1,1,1,1,5,0,9,0,9,2,2,5,4,4,2,2,5,2,2,2,3,5,3,4,1,3,4,4,2,4,1,5,3,5,5,5,5,5,2,5,2,0,0,9,9,9,9,9,9,9,9,9,0,9,5,5,5,4,3,4,5,4,2,4,2,3,2,1,5.0,1,1,1,3,2.0,1
631,2,5,5,2,2,2,5,5,5,5,3,4,4,5,1,0,9,0,9,4,4,5,4,5,1,2,4,4,5,4,4,4,4,4,5,4,4,4,4,5,1,5,4,2,5,5,5,5,5,5,5,5,0,9,9,9,9,9,9,9,9,2,0,9,5,5,5,5,5,4,5,5,5,5,2,1,2,1,3.0,1,1,1,2,7.0,1
632,3,4,4,5,5,4,3,3,4,4,4,4,5,4,1,0,9,0,9,3,4,5,5,4,2,3,5,4,3,3,3,1,4,4,4,4,4,3,3,3,1,5,5,5,4,4,4,3,2,2,4,3,0,9,9,9,9,9,9,9,9,3,0,9,4,3,3,2,3,4,4,5,2,2,2,1,1,1,3.0,1,2,2,5,3.0,1
633,5,5,5,4,3,2,3,5,3,4,3,3,3,4,5,0,9,0,9,4,3,5,4,5,4,4,4,5,4,5,4,3,4,4,5,4,4,5,5,5,1,4,4,3,5,4,5,5,5,5,4,4,0,9,9,9,9,9,9,9,9,2,0,9,4,5,5,4,5,4,5,5,5,5,4,3,1,1,3.0,1,2,1,1,7.0,1
634,4,4,4,2,4,3,2,3,5,4,3,3,3,4,3,0,9,0,9,4,5,4,4,4,3,3,5,3,4,4,3,3,4,4,4,4,4,3,4,4,0,9,9,9,9,9,9,9,9,9,9,9,9,4,3,3,4,3,3,0,0,2,0,9,4,5,4,4,2,2,3,3,3,3,3,3,1,2,1.0,1,2,1,1,7.0,1
635,4,4,4,3,4,2,5,3,4,5,1,1,2,2,5,1,1,0,9,4,5,4,3,4,3,3,3,3,5,4,4,4,5,3,4,3,4,4,5,5,1,5,3,4,4,3,5,4,4,5,5,4,0,9,9,9,9,9,9,9,9,1,1,0,4,5,5,4,4,3,4,5,4,4,3,1,2,1,1.0,1,1,1,1,3.0,1
636,4,5,3,3,4,4,1,2,5,5,3,3,4,4,2,1,1,0,9,4,3,4,2,4,2,2,4,4,5,4,4,5,3,4,5,4,2,4,3,4,1,5,2,2,4,4,4,5,3,3,4,3,0,9,9,9,9,9,9,9,9,9,0,9,4,2,5,4,3,4,4,5,3,4,1,1,2,1,3.0,1,2,1,5,6.0,1
637,4,4,4,5,5,2,1,3,4,3,3,1,2,3,3,0,9,0,9,2,3,4,4,4,3,2,5,2,2,3,3,4,3,2,3,2,3,2,3,4,0,9,9,9,9,9,9,9,9,9,9,9,9,2,3,4,3,4,3,1,7,9,0,9,5,4,3,2,4,2,4,4,5,3,1,2,1,1,3.0,9,6,1,2,1.0,1
638,3,5,5,3,4,3,1,3,5,4,1,1,4,1,1,0,9,0,9,2,3,5,4,3,1,1,4,3,4,4,4,3,4,4,5,3,4,2,3,4,1,5,3,5,5,5,5,5,5,5,4,3,0,9,9,9,9,9,9,9,9,2,0,9,4,4,4,5,3,1,4,4,1,3,1,1,1,1,3.0,1,1,1,5,4.0,1
639,3,4,4,4,4,3,3,4,5,4,3,4,3,3,2,0,9,0,9,4,4,4,3,4,3,3,4,4,4,4,4,4,2,4,4,4,4,4,4,4,1,4,3,5,5,3,4,5,4,4,4,3,0,9,9,9,9,9,9,9,9,2,0,9,4,3,4,3,3,3,4,4,3,4,2,2,1,1,4.0,1,2,1,3,1.0,1
640,3,4,4,4,4,2,4,4,4,4,2,2,3,3,4,1,1,0,9,4,3,4,3,4,2,2,4,4,4,4,4,3,4,4,4,4,4,4,4,4,1,4,3,5,4,4,4,4,4,4,3,3,0,9,9,9,9,9,9,9,9,4,0,9,4,4,4,4,3,3,4,4,4,3,3,1,2,1,5.0,1,1,0,3,6.0,1
641,4,5,4,3,4,4,0,4,0,3,5,1,1,1,2,0,9,0,9,3,3,3,4,3,2,3,3,3,4,3,3,3,4,3,4,3,3,4,3,3,0,9,9,9,9,9,9,9,9,9,9,9,9,5,1,3,3,3,3,3,0,1,0,9,5,5,5,5,4,4,4,4,3,4,3,2,1,1,7.0,1,1,1,1,8.0,2
642,4,4,4,2,3,1,5,2,2,4,1,1,1,1,3,0,9,0,9,2,2,4,5,3,3,3,4,4,2,2,1,3,4,2,3,1,4,3,4,4,0,9,9,9,9,9,9,9,9,9,9,9,9,9,9,9,9,9,9,9,9,0,2,9,0,0,0,0,0,0,0,0,0,0,0,0,0,1,6.0,1,1,1,1,8.0,2
643,1,4,4,4,4,3,1,4,3,4,1,1,1,1,5,0,9,0,9,4,3,3,2,3,2,3,3,2,3,4,3,3,3,4,3,1,4,4,3,3,2,9,9,9,9,9,9,9,9,9,9,9,9,9,9,9,9,9,9,9,9,0,2,9,0,0,0,0,0,0,0,0,0,0,0,0,0,1,4.0,1,2,1,1,8.0,2
644,3,4,4,3,4,4,2,3,3,4,2,2,4,3,1,0,9,0,9,3,4,4,3,3,4,2,3,3,3,2,3,3,3,3,4,2,3,3,3,4,0,9,9,9,9,9,9,9,9,9,9,9,9,4,1,1,1,1,1,1,1,1,1,6,4,5,4,3,3,3,4,4,4,4,4,2,1,2,1.0,1,1,1,1,8.0,2
645,2,3,4,3,2,2,2,3,4,3,2,2,2,2,4,0,9,0,9,1,2,4,2,3,3,2,3,4,4,3,3,3,3,2,4,4,4,2,2,3,0,9,9,9,9,9,9,9,9,9,9,9,9,4,2,2,2,2,2,2,0,3,1,0,5,5,4,3,2,3,4,5,3,4,3,1,1,1,8.0,1,1,1,1,8.0,2
646,4,4,3,2,3,2,2,1,3,3,2,2,3,3,3,0,9,0,9,3,3,4,3,4,3,4,4,4,3,3,3,2,3,4,4,3,3,3,3,3,1,4,3,2,5,4,4,4,4,4,3,3,0,9,9,9,9,9,9,9,9,9,0,9,5,4,4,3,3,4,3,3,3,3,3,0,0,1,4.0,1,1,1,1,8.0,2
647,4,3,3,1,4,4,2,2,4,4,1,2,4,3,4,0,9,0,9,1,3,4,4,4,3,2,4,4,4,4,4,3,4,1,4,3,3,2,4,4,1,4,5,5,4,5,5,5,5,5,5,3,0,9,9,9,9,9,9,9,9,2,0,9,5,4,4,4,3,4,3,4,1,4,3,3,1,1,3.0,1,1,1,1,8.0,2
648,4,4,4,3,4,4,2,5,4,5,3,3,2,2,4,0,9,0,9,4,4,4,5,4,3,2,5,1,4,4,2,2,4,2,4,1,4,4,4,4,0,9,9,9,9,9,9,9,9,9,9,9,9,4,3,3,3,3,3,3,0,1,1,6,4,4,4,4,4,4,5,4,4,4,2,1,1,1,6.0,1,2,1,1,8.0,2
649,3,5,5,3,4,4,1,1,4,5,1,1,1,1,5,0,9,0,9,1,3,5,4,2,3,3,3,3,4,4,4,3,4,4,4,4,4,4,4,4,0,4,1,1,1,1,1,1,1,4,3,3,0,1,1,1,1,1,1,1,0,1,1,0,5,5,5,5,5,5,5,5,5,5,4,1,3,1,8.0,1,2,1,1,8.0,2
650,4,4,4,5,4,2,3,4,4,4,2,2,2,2,4,1,1,0,9,2,2,4,3,3,2,2,2,5,4,4,4,4,4,4,4,4,4,4,4,4,1,4,4,4,4,3,4,4,4,4,4,4,0,2,2,2,2,2,2,2,0,3,0,9,4,4,4,3,4,4,4,4,4,4,4,1,1,1,2.0,1,2,1,1,8.0,2
651,2,5,3,1,3,2,1,4,3,3,3,3,3,3,5,0,9,0,9,4,3,5,4,3,3,2,3,3,3,2,2,4,2,4,3,4,4,3,3,4,1,5,3,3,5,4,5,5,3,5,3,0,2,2,3,5,3,1,3,1,0,2,1,3,4,5,5,5,3,1,4,4,5,4,3,2,3,2,5.0,5,1,1,3,9.0,2
652,4,5,4,3,4,1,4,4,5,4,1,1,1,1,5,0,9,0,9,4,4,5,3,2,2,2,4,4,4,4,4,3,4,4,4,2,4,4,3,4,0,9,9,9,9,9,9,9,9,9,9,9,9,5,3,3,3,1,3,3,1,1,0,9,5,4,4,4,3,4,4,5,4,4,4,1,2,1,7.0,1,2,1,1,8.0,2
653,3,4,4,4,4,3,2,4,4,4,2,2,3,3,4,0,9,0,9,2,3,4,3,3,4,2,4,4,4,3,4,4,3,3,4,3,3,2,3,3,0,9,9,9,9,9,9,9,9,9,9,9,9,3,3,4,3,3,3,2,0,9,0,9,4,5,5,5,4,4,4,4,4,4,4,1,1,1,3.0,1,1,1,1,8.0,2
654,0,5,4,4,5,0,2,4,0,3,0,2,2,2,4,1,1,0,9,4,0,4,3,4,2,2,3,3,4,4,4,3,2,4,4,4,4,4,3,4,0,9,9,9,9,9,9,9,9,9,9,9,9,2,3,4,4,2,3,2,0,9,1,6,4,2,4,3,3,3,5,3,5,4,3,3,1,1,7.0,13,3,1,1,8.0,2
655,4,5,5,4,2,2,5,4,4,5,2,4,3,2,1,0,9,0,9,2,2,4,3,3,4,2,3,4,3,4,4,3,4,4,5,4,4,2,2,3,0,9,9,9,9,9,9,9,9,9,9,9,9,4,1,3,2,1,2,2,2,1,1,8,4,4,5,5,4,3,5,5,5,4,3,1,1,1,4.0,3,2,1,1,8.0,2
656,3,4,5,4,3,2,2,2,3,4,2,2,2,2,2,0,9,0,9,1,3,4,3,3,3,3,5,1,3,3,3,3,3,2,5,3,1,1,1,3,1,5,5,5,5,5,5,5,3,3,5,5,0,9,9,9,9,9,9,9,9,2,1,2,4,4,4,2,2,2,2,4,2,2,2,1,1,1,2.0,1,1,1,1,8.0,2
657,4,5,4,3,3,2,5,5,5,4,3,3,3,3,4,0,9,0,9,1,5,3,5,3,3,3,2,4,3,3,2,1,3,3,3,3,2,2,2,3,0,9,9,9,9,9,9,9,9,9,9,9,9,5,1,2,1,3,3,1,1,10,0,9,4,4,4,4,3,2,3,3,5,4,4,3,1,1,2.0,1,1,1,1,8.0,2
658,4,4,4,4,4,2,2,4,5,5,2,4,2,0,3,1,1,0,9,2,3,4,2,3,4,3,4,4,4,5,4,3,4,5,5,4,4,4,3,5,0,9,9,9,9,9,9,9,9,9,9,9,9,5,3,3,2,2,2,2,0,4,0,9,5,4,4,4,4,3,4,5,5,3,4,1,1,1,5.0,1,2,1,1,8.0,2
659,4,4,4,3,4,2,4,4,4,4,2,2,2,2,4,0,9,0,9,3,3,3,4,3,4,2,4,4,4,4,4,4,4,3,4,3,3,2,2,3,1,4,4,4,4,4,4,4,3,4,4,3,0,9,9,9,9,9,9,9,9,2,0,9,4,4,4,4,4,4,3,4,4,4,3,1,2,1,1.0,1,1,1,1,8.0,2
660,4,4,4,4,3,2,5,3,4,3,2,2,4,4,2,0,9,0,9,4,4,3,4,2,3,3,4,2,4,4,4,4,4,4,4,2,3,4,4,4,0,9,9,9,9,9,9,9,9,9,9,9,9,2,2,3,3,2,2,2,8,10,1,4,3,3,4,4,3,3,3,3,3,3,3,3,3,1,2.0,1,2,1,1,8.0,2
661,3,4,4,3,5,3,5,3,4,4,3,4,3,3,3,0,9,0,9,3,3,4,4,4,3,2,4,3,3,2,4,3,4,3,4,3,3,3,3,4,1,5,5,4,5,3,4,4,4,4,4,3,0,9,9,9,9,9,9,9,9,1,0,9,4,4,4,4,4,3,4,3,3,3,1,3,2,1,2.0,1,1,1,1,8.0,2
662,4,4,4,4,4,4,4,4,4,4,4,4,4,4,2,0,9,0,9,3,3,4,3,3,3,3,4,2,3,2,3,2,3,3,3,4,4,2,4,3,0,9,9,9,9,9,9,9,9,9,9,9,9,5,1,3,3,1,1,1,0,1,0,9,4,4,4,4,4,3,3,3,5,4,2,1,1,1,4.0,11,2,1,1,8.0,2
663,3,4,4,4,4,4,2,4,4,4,2,2,1,1,5,0,9,0,9,4,3,4,3,4,2,3,4,3,3,4,4,3,4,4,5,4,4,4,4,4,1,4,4,5,5,5,4,4,4,4,4,3,0,9,9,9,9,9,9,9,9,9,0,9,5,5,4,3,4,4,5,5,4,4,3,1,1,1,2.0,1,1,1,1,8.0,2
664,3,5,5,4,4,1,5,4,4,4,3,3,3,3,1,1,1,0,9,1,3,4,5,5,3,3,5,2,3,1,3,3,3,2,5,3,3,2,2,2,1,5,5,5,5,5,5,5,5,5,5,5,0,9,9,9,9,9,9,9,9,1,1,5,5,5,5,5,5,2,5,5,5,5,3,2,1,1,1.0,1,1,1,1,8.0,2
665,4,4,4,4,3,5,4,3,4,2,4,2,3,4,3,0,9,0,9,3,5,4,2,4,2,5,4,3,4,4,3,4,3,3,4,2,3,4,3,3,2,4,3,3,2,3,4,2,3,3,2,4,0,4,2,3,2,4,2,3,0,1,0,9,4,3,2,3,4,3,2,4,2,4,3,3,1,2,1.0,2,4,2,2,8.0,2
666,5,5,5,5,5,2,4,4,5,4,2,2,5,5,1,1,1,0,9,3,2,5,2,5,1,1,5,5,5,5,5,5,3,5,5,5,5,5,4,5,1,5,4,2,5,4,5,5,5,5,5,5,0,9,9,9,9,9,9,9,9,3,1,0,5,5,5,5,5,5,5,5,5,5,5,2,1,2,7.0,1,1,1,1,8.0,2
667,3,4,3,2,3,3,2,2,4,4,3,3,3,2,4,0,9,0,9,3,2,4,4,3,2,2,4,2,2,3,4,3,2,3,3,2,4,2,3,4,1,4,3,3,4,3,4,4,3,4,4,4,0,9,9,9,9,9,9,9,9,1,1,5,4,4,4,4,2,2,5,4,4,2,2,2,1,1,6.0,4,1,1,1,8.0,2
668,3,4,3,3,4,3,2,3,4,3,2,2,2,2,4,0,9,0,9,3,3,3,4,3,3,3,5,3,4,4,3,0,4,3,3,3,4,3,3,4,1,5,4,4,5,5,5,5,5,5,3,5,0,9,9,9,9,9,9,9,9,2,1,6,5,5,4,4,4,3,4,4,4,3,4,2,1,1,5.0,1,2,2,1,8.0,2
669,5,5,4,3,3,3,2,4,4,4,4,4,4,4,1,1,1,0,9,2,4,4,3,4,3,3,3,3,4,4,3,3,3,4,3,3,4,4,3,4,1,5,5,3,5,5,5,4,5,5,5,5,2,9,9,9,9,9,9,9,9,2,1,8,5,5,5,5,4,4,5,5,5,4,4,2,1,1,2.0,1,0,1,1,8.0,2
670,5,4,4,4,4,5,1,3,1,2,1,1,1,1,5,0,9,0,9,3,4,4,4,3,3,3,3,3,3,2,3,3,3,3,4,2,3,3,3,3,0,9,9,9,9,9,9,9,9,9,9,9,9,5,1,3,3,5,1,3,0,2,0,9,5,5,5,5,2,2,3,4,3,4,1,1,1,1,3.0,1,2,1,1,8.0,2
671,4,2,4,2,3,4,1,3,4,4,2,2,2,4,1,0,9,0,9,1,3,3,4,3,4,1,4,4,4,4,5,3,1,3,5,3,3,1,3,3,1,5,2,2,5,5,5,5,5,5,5,3,0,3,3,3,3,3,3,3,0,11,0,9,4,5,3,3,1,3,3,3,3,4,3,2,2,1,3.0,1,2,1,1,8.0,2
672,3,3,4,3,2,2,4,4,4,4,1,1,1,1,1,0,9,0,9,0,0,0,0,0,0,2,4,4,4,4,3,4,4,4,4,4,4,4,4,4,0,9,9,9,9,9,9,9,9,9,9,9,9,5,0,0,0,0,0,0,0,3,1,5,4,5,3,5,4,2,3,2,0,4,3,1,2,1,8.0,1,1,1,4,8.0,2
673,4,4,3,2,3,3,2,2,4,3,2,4,4,4,0,0,9,2,0,3,4,4,4,4,3,0,0,0,0,0,0,0,0,0,0,0,0,0,0,0,0,9,9,9,9,9,9,9,9,9,9,9,9,4,3,3,4,3,3,3,0,9,0,9,5,5,5,5,5,5,3,5,4,4,4,3,2,1,4.0,1,1,1,3,8.0,2
674,4,5,4,2,3,2,2,2,4,4,2,2,4,4,2,0,9,0,9,2,4,4,5,4,3,5,5,4,4,4,3,3,4,5,4,4,3,1,2,3,0,9,9,9,9,9,9,9,9,9,9,9,9,1,1,1,3,2,1,1,6,11,1,3,5,4,4,4,4,4,3,4,5,5,3,1,1,1,5.0,2,2,2,3,8.0,2
675,5,4,4,4,3,1,5,5,5,5,3,5,3,3,2,0,9,0,9,4,3,4,4,3,4,2,4,3,4,4,4,4,4,4,5,3,4,3,3,3,0,9,9,9,9,9,9,9,9,9,9,9,9,5,3,2,3,2,3,2,0,3,1,3,5,5,4,4,4,5,5,5,5,4,3,1,1,1,4.0,2,2,1,3,8.0,2
676,3,4,4,3,2,4,2,4,4,5,3,4,5,1,1,0,9,0,9,2,5,5,4,3,5,2,3,4,4,5,5,4,3,3,4,3,4,4,4,3,0,9,9,9,9,9,9,9,9,9,9,9,9,2,5,5,3,2,3,1,0,9,0,9,4,5,4,3,5,3,4,5,5,4,5,1,2,2,6.0,2,2,2,3,8.0,2
677,4,5,4,2,2,2,2,5,5,4,1,1,4,1,1,0,9,0,9,5,2,5,2,5,2,2,5,4,4,5,5,5,4,5,4,4,1,1,1,4,1,5,5,4,5,5,5,4,5,5,5,5,0,9,9,9,9,9,9,9,9,4,1,5,4,4,5,5,3,4,5,5,5,4,3,2,1,1,5.0,2,2,2,3,8.0,2
678,2,4,4,3,3,3,2,4,4,4,3,3,2,2,2,0,9,0,9,2,4,5,4,4,3,3,4,4,4,4,3,3,3,4,4,4,4,3,3,4,1,5,2,2,5,5,5,4,4,4,5,3,0,9,9,9,9,9,9,9,9,1,1,7,4,4,4,3,4,3,4,4,3,3,3,1,1,1,5.0,1,2,1,3,8.0,2
679,3,4,4,2,2,2,2,2,3,3,1,1,1,1,4,0,9,0,9,1,3,4,4,3,2,2,4,3,3,4,4,4,2,3,4,3,3,2,3,3,1,5,2,2,5,1,1,4,3,2,4,0,0,9,9,9,9,9,9,9,9,3,0,9,4,4,4,4,3,3,4,4,3,3,3,1,1,1,8.0,1,1,1,3,8.0,2
680,3,4,3,1,1,1,1,1,1,1,1,1,1,1,4,0,9,0,9,1,4,3,4,3,2,2,2,3,3,3,4,4,3,3,4,3,3,3,3,4,1,5,5,3,4,4,4,4,3,4,3,3,0,9,9,9,9,9,9,9,9,9,0,9,4,5,5,5,3,3,4,4,4,5,5,3,2,2,8.0,1,2,1,4,8.0,2
681,2,4,3,1,3,3,5,3,3,3,1,4,1,1,0,0,9,0,9,1,4,4,5,3,1,1,4,4,3,3,4,5,3,3,5,2,3,1,5,3,1,5,3,5,5,5,4,5,5,5,1,0,0,9,9,9,9,9,9,9,9,3,0,9,4,5,5,5,1,1,5,4,5,5,4,3,3,1,4.0,1,2,1,4,8.0,2
682,1,1,1,1,1,1,5,1,1,1,5,1,1,1,1,0,9,1,4,2,3,3,3,3,3,1,5,4,3,2,4,2,3,3,4,3,3,2,2,3,1,5,5,5,5,5,5,5,5,5,5,3,0,9,9,9,9,9,9,9,9,1,1,3,5,5,5,5,5,5,3,5,5,5,5,3,1,2,3.0,3,2,0,3,8.0,2
683,4,5,4,4,4,3,3,3,3,4,3,3,3,3,3,1,1,0,9,4,3,4,3,4,3,3,4,4,4,4,5,5,3,4,4,4,5,3,3,4,0,9,9,9,9,9,9,9,9,9,9,9,9,5,3,3,3,3,3,3,0,1,1,0,4,4,4,4,4,3,4,4,4,3,3,1,1,1,8.0,1,2,2,5,8.0,2
684,5,4,3,3,3,4,1,2,3,2,2,1,1,3,4,0,9,0,9,2,3,4,4,4,4,3,4,3,4,4,4,5,2,4,3,3,2,2,2,3,0,9,9,9,9,9,9,9,9,9,9,9,9,3,4,4,4,2,3,2,0,1,0,9,5,5,4,4,4,4,5,5,4,4,2,2,1,1,4.0,2,2,1,4,8.0,2
685,2,5,3,3,4,3,4,2,3,5,2,2,2,2,5,0,9,0,9,3,3,5,3,5,5,2,5,2,4,5,4,5,4,3,5,4,4,3,3,4,1,5,2,2,5,3,4,5,2,5,2,3,0,9,9,9,9,9,9,9,9,3,0,9,3,3,5,5,3,3,5,5,5,3,3,1,2,2,8.0,1,2,2,4,8.0,2
686,3,5,5,3,3,5,3,3,5,4,1,1,1,1,5,0,9,0,9,4,4,5,4,4,5,5,5,3,3,5,5,5,4,4,4,5,4,4,4,5,0,9,9,9,9,9,9,9,9,9,9,9,9,1,5,1,4,1,3,5,0,3,1,3,4,5,5,5,5,5,5,5,4,4,5,2,1,1,5.0,2,2,1,3,8.0,2
687,2,4,3,2,2,2,2,4,4,4,2,2,2,2,5,0,9,0,9,3,2,4,4,2,2,2,4,4,4,5,4,5,4,4,4,4,4,2,2,3,0,9,9,9,9,9,9,9,9,9,9,9,9,5,0,0,0,0,0,0,1,3,1,0,4,4,4,4,2,2,4,4,4,4,4,1,2,1,8.0,1,0,1,4,8.0,2
688,2,3,3,2,3,3,2,4,4,4,2,2,3,3,4,0,9,0,9,3,2,4,2,4,2,3,4,4,2,4,3,3,2,4,3,4,4,2,2,4,0,9,9,9,9,9,9,9,9,9,9,9,9,5,0,0,0,0,0,0,0,3,0,9,4,5,4,4,2,3,3,4,4,4,2,1,2,1,8.0,1,2,1,5,8.0,2
689,2,4,4,2,2,2,4,3,4,4,2,2,4,3,2,1,1,0,9,2,3,4,4,4,2,2,4,3,3,4,4,4,3,5,4,4,4,2,4,4,0,9,9,9,9,9,9,9,9,9,9,9,9,4,2,2,3,1,2,2,0,3,0,9,4,4,4,4,4,4,4,4,4,3,3,2,2,1,4.0,2,2,1,3,8.0,2
690,3,4,4,3,2,2,4,2,4,3,2,2,2,2,4,0,9,0,9,3,4,3,3,4,2,2,4,2,3,4,4,4,3,4,4,3,3,3,3,3,0,9,9,9,9,9,9,9,9,9,9,9,9,4,3,3,4,3,3,3,0,9,0,9,4,4,4,4,4,4,4,4,4,4,3,1,2,1,4.0,1,1,1,3,8.0,2
691,4,4,3,2,4,1,5,5,4,3,2,5,3,3,1,0,9,0,9,3,2,4,4,1,4,1,4,2,3,4,4,4,3,4,1,2,4,2,4,4,0,9,9,9,9,9,9,9,9,9,9,9,9,5,1,4,5,1,3,3,0,3,0,9,5,4,4,2,2,5,3,4,4,4,2,1,1,1,4.0,2,2,2,3,8.0,2
692,4,4,3,3,2,2,4,2,4,4,1,2,2,2,4,0,9,0,9,3,4,4,3,3,3,3,4,4,4,5,5,3,3,3,4,3,4,3,3,4,0,9,9,9,9,9,9,9,9,9,9,9,9,5,1,1,1,1,0,0,1,1,1,8,5,4,3,3,3,3,4,4,3,4,2,1,2,1,5.0,1,1,1,2,8.0,2
693,4,5,5,1,2,3,2,5,2,3,2,2,1,1,2,0,9,0,9,2,4,5,3,3,3,3,3,3,4,4,4,4,3,4,4,3,3,2,3,4,1,5,4,5,4,5,5,5,3,4,4,4,0,9,9,9,9,9,9,9,9,4,0,9,4,4,4,4,4,4,5,4,3,3,3,2,1,1,6.0,1,1,1,3,8.0,2
694,3,4,4,5,5,2,5,5,4,4,2,4,2,2,2,0,9,0,9,2,2,3,4,3,4,4,4,2,4,3,3,3,3,3,4,2,3,2,2,4,0,9,9,9,9,9,9,9,9,9,9,9,9,5,0,0,0,0,0,0,1,2,0,9,0,0,0,0,0,0,0,0,0,0,0,1,1,1,7.0,1,1,1,3,8.0,2
695,5,5,4,3,1,1,3,5,3,5,1,1,2,2,4,0,9,0,9,4,4,4,2,3,1,1,3,3,4,3,2,2,4,2,4,4,3,3,3,4,1,5,5,4,5,5,3,5,2,4,1,1,0,9,9,9,9,9,9,9,9,11,0,9,4,4,5,5,5,3,4,3,3,5,4,2,1,1,5.0,3,2,1,3,8.0,2
696,3,4,4,4,5,2,5,4,4,4,5,5,2,4,1,0,9,0,9,4,2,0,2,2,2,2,4,4,4,4,4,5,4,4,4,2,4,4,4,4,1,4,2,2,4,4,5,2,2,5,4,3,0,9,9,9,9,9,9,9,9,2,0,9,4,1,4,4,5,4,5,4,2,2,1,2,3,1,7.0,3,5,1,3,8.0,2
697,3,4,4,3,4,2,1,5,4,3,1,1,1,1,5,0,9,2,0,1,4,3,5,4,2,4,4,4,4,2,2,4,3,5,5,4,2,1,2,3,1,5,4,4,5,4,2,5,1,1,1,5,0,9,9,9,9,9,9,9,9,9,0,9,5,4,5,5,3,3,5,4,3,3,3,2,1,1,7.0,1,1,1,3,8.0,2
698,4,4,4,4,5,1,4,3,5,2,4,3,3,3,1,0,9,0,9,1,5,4,4,3,4,1,4,4,4,3,4,3,3,4,4,3,3,2,2,3,1,5,5,3,5,3,4,4,4,4,4,5,0,9,9,9,9,9,9,9,9,2,1,3,5,4,5,4,2,2,5,5,5,4,3,1,1,1,4.0,6,2,1,3,8.0,2
699,3,5,5,4,3,2,1,4,4,4,2,2,1,1,5,0,9,0,9,4,4,4,3,2,1,3,4,2,4,4,4,4,3,3,2,2,4,2,2,4,1,5,4,2,4,4,4,4,2,3,3,3,0,9,9,9,9,9,9,9,9,4,0,9,4,3,4,4,3,3,4,5,5,3,3,2,2,1,5.0,15,1,1,3,8.0,2
700,3,4,4,4,4,2,4,4,4,4,2,2,2,2,4,0,9,0,9,2,4,3,4,3,3,4,3,3,3,4,3,3,4,4,3,3,3,2,2,3,0,9,9,9,9,9,9,9,9,9,9,9,9,3,3,3,4,3,3,3,0,10,0,9,3,4,4,4,4,4,4,4,3,3,3,3,2,1,8.0,1,1,1,3,8.0,2
701,3,4,4,5,5,4,3,4,3,3,3,3,3,3,4,0,9,0,9,2,4,4,5,3,3,2,4,2,4,4,5,3,2,1,4,3,4,2,2,2,1,4,5,5,3,2,3,4,4,4,3,4,0,9,9,9,9,9,9,9,9,11,0,9,3,4,4,5,5,3,5,5,5,2,1,1,1,1,5.0,1,2,1,3,8.0,2
702,3,4,4,5,5,3,2,3,4,4,2,2,2,2,4,1,0,0,9,2,4,4,4,4,3,2,4,4,4,4,4,3,4,4,4,4,4,2,4,4,0,9,9,9,9,9,9,9,9,9,9,9,9,1,3,4,4,2,3,3,0,2,0,9,4,5,4,4,3,4,3,4,4,4,3,2,2,1,5.0,1,1,1,3,8.0,2
703,3,5,5,3,4,2,5,5,5,5,1,4,2,2,3,0,9,2,0,2,5,5,5,3,5,3,3,2,4,4,4,4,1,4,5,4,4,4,4,4,0,9,9,9,9,9,9,9,9,9,9,9,9,4,4,4,4,1,0,0,0,0,0,9,4,5,5,5,3,3,3,4,1,5,3,3,1,1,5.0,1,1,1,3,8.0,2
704,4,4,4,3,2,2,5,5,4,3,1,5,3,1,1,0,9,0,9,1,4,4,5,4,5,3,4,4,4,4,4,5,4,4,5,4,2,1,3,3,0,9,9,9,9,9,9,9,9,9,9,9,9,5,3,3,4,1,3,1,0,3,0,9,4,4,4,4,4,3,4,5,3,3,3,1,1,1,7.0,1,1,1,3,8.0,2
705,4,4,4,4,4,2,2,5,5,3,4,4,4,4,3,0,9,0,9,1,5,4,4,5,3,2,4,4,4,4,3,1,5,4,5,4,3,1,2,3,0,9,9,9,9,9,9,9,9,9,9,9,9,3,3,5,5,2,3,3,0,3,0,9,4,5,5,5,1,4,5,4,4,5,4,2,1,1,4.0,1,2,1,3,8.0,2
706,3,5,5,3,3,1,5,5,3,3,3,5,1,1,3,0,9,0,9,2,4,5,5,5,3,3,5,4,3,4,5,3,3,3,4,3,3,5,4,3,2,0,0,0,0,0,0,0,0,0,0,0,0,0,0,0,0,0,0,0,2,4,1,5,4,3,4,3,3,4,4,5,3,5,1,1,1,1,4.0,1,1,1,3,8.0,2
707,3,5,5,5,5,4,5,4,4,4,4,4,4,3,1,0,9,0,9,1,3,4,4,3,1,1,4,3,4,4,4,0,4,4,5,4,4,2,3,3,2,0,0,0,0,0,0,0,0,0,0,0,0,0,0,0,0,0,0,0,2,9,1,5,5,5,5,5,3,3,5,5,3,5,3,1,1,1,4.0,1,2,1,3,8.0,2
708,4,5,4,4,3,4,2,4,2,4,2,3,2,3,4,1,1,0,9,4,3,5,2,4,1,3,3,2,4,4,4,5,3,4,3,4,4,5,4,0,2,5,0,0,0,0,4,4,0,0,0,0,0,0,0,0,0,0,0,0,0,2,1,2,5,0,4,0,0,0,0,0,0,0,0,1,1,0,7.0,3,3,1,3,8.0,2
709,4,5,5,5,5,2,2,4,2,4,1,1,1,2,3,0,9,0,9,1,3,4,4,4,2,2,4,3,4,3,3,1,4,4,4,4,4,2,2,5,1,4,3,4,4,4,4,4,4,4,4,3,0,9,9,9,9,9,9,9,9,2,0,9,4,5,4,4,2,2,4,4,2,3,2,3,2,1,4.0,1,1,1,3,4.0,1
710,2,5,4,3,4,2,1,5,5,4,1,1,1,3,4,0,9,0,9,2,4,4,4,4,5,3,5,4,4,4,4,1,3,3,5,3,4,4,4,4,0,9,9,9,9,9,9,9,9,9,9,9,9,3,1,3,5,2,1,1,0,10,1,0,4,5,5,5,4,1,4,5,3,3,2,1,2,1,3.0,1,1,1,3,6.0,1
711,2,4,4,4,5,2,1,4,5,3,1,1,4,4,1,1,1,0,9,2,3,4,4,2,2,2,5,2,2,4,2,4,4,2,4,1,4,2,4,4,1,5,2,2,5,5,5,5,2,4,1,4,0,9,9,9,9,9,9,9,9,1,0,9,4,4,4,4,2,1,5,4,1,2,1,1,2,1,6.0,1,2,1,4,1.0,1
712,3,3,4,4,4,4,3,4,4,2,4,3,3,4,3,1,0,0,9,1,4,1,5,2,2,2,3,3,2,2,4,4,2,4,2,3,1,1,1,4,1,5,4,5,5,4,4,4,2,1,1,2,0,9,9,9,9,9,9,9,9,2,0,9,4,4,4,4,3,3,4,5,1,4,1,2,2,1,5.0,1,1,1,4,6.0,1
713,3,4,4,2,2,2,4,4,4,4,2,2,2,4,2,0,9,0,9,4,4,4,3,3,3,3,4,3,4,4,3,4,4,3,4,4,3,4,4,3,1,4,4,4,4,4,4,4,4,4,4,3,0,9,9,9,9,9,9,9,9,3,0,9,4,5,5,4,3,3,3,4,3,3,3,1,2,0,2.0,1,2,1,1,7.0,1
714,2,4,4,4,2,2,4,4,3,4,3,3,3,3,4,1,1,0,9,2,3,4,4,4,3,2,2,4,4,4,4,3,3,4,4,4,3,2,4,4,1,5,3,5,5,4,4,3,3,4,3,2,0,9,9,9,9,9,9,9,9,2,0,9,4,5,4,3,4,3,4,4,3,3,3,2,2,1,4.0,1,2,0,3,1.0,1
715,3,4,4,3,3,2,2,4,4,3,2,2,3,3,2,0,9,0,9,2,4,4,5,4,4,4,3,3,4,4,4,4,4,4,4,4,4,2,2,2,1,5,3,3,4,4,4,4,4,4,3,4,0,9,9,9,9,9,9,9,9,2,0,9,4,4,4,5,3,3,4,4,4,4,3,1,1,1,4.0,1,2,1,2,4.0,1
716,4,4,3,3,4,3,4,4,5,4,2,3,2,4,3,0,9,0,9,3,3,4,4,4,3,2,3,3,4,4,3,3,2,3,4,3,3,2,3,4,1,5,4,4,5,5,5,4,4,4,4,3,0,9,9,9,9,9,9,9,9,4,0,9,4,3,3,3,3,4,4,5,5,4,3,2,1,1,1.0,1,2,0,1,1.0,1
717,3,4,4,5,3,2,2,3,5,4,3,4,4,3,2,1,1,0,9,2,4,4,3,4,3,3,3,4,4,4,4,5,4,4,5,4,4,2,2,4,1,5,4,5,5,5,5,4,4,5,3,4,0,9,9,9,9,9,9,9,9,9,0,9,4,4,5,4,3,3,4,5,5,4,3,3,1,2,3.0,1,2,1,2,5.0,1
718,4,5,5,3,2,1,2,5,4,4,3,3,3,3,3,0,9,0,9,3,3,4,4,4,3,3,4,2,4,4,4,3,3,4,4,4,4,2,2,3,1,5,4,4,5,4,5,5,3,4,3,3,0,9,9,9,9,9,9,9,9,1,0,9,5,3,4,4,3,3,3,4,4,4,2,2,2,1,7.0,3,2,0,3,4.0,1
719,4,4,5,4,4,2,4,4,5,4,1,1,1,1,4,1,1,0,9,2,4,4,3,4,2,2,4,4,5,4,4,3,5,4,4,4,4,3,4,4,1,5,4,4,5,5,5,5,5,5,4,5,0,9,9,9,9,9,9,9,9,1,0,9,4,3,4,4,5,4,5,5,2,4,2,1,1,1,5.0,1,2,1,3,6.0,1
720,4,5,5,4,5,5,1,4,4,3,2,2,3,3,4,0,9,0,9,2,3,5,4,5,4,5,4,3,4,4,5,3,4,4,5,4,4,3,3,5,1,4,2,1,4,4,4,4,5,4,2,3,0,9,9,9,9,9,9,9,9,1,0,9,0,0,0,0,0,0,0,0,0,0,0,1,1,1,5.0,1,1,1,4,4.0,1
721,2,4,4,3,4,2,2,4,3,4,2,2,2,4,3,0,9,0,9,4,3,4,3,4,2,2,4,4,4,5,5,5,4,4,5,4,4,4,4,4,1,5,3,2,4,4,4,5,3,4,4,2,0,9,9,9,9,9,9,9,9,2,0,9,4,4,5,5,4,2,4,3,3,3,3,2,3,2,2.0,1,1,1,2,6.0,1
722,2,5,5,5,3,2,4,5,5,5,3,4,4,4,1,0,9,0,9,1,3,4,4,4,4,3,5,4,4,4,2,3,4,4,4,4,3,2,2,4,1,5,2,5,5,5,4,4,5,3,4,3,0,9,9,9,9,9,9,9,9,4,0,9,4,2,3,3,4,4,5,5,3,3,3,2,2,1,5.0,1,1,1,5,6.0,1
723,4,4,5,4,5,5,1,2,5,3,2,4,2,4,2,0,9,0,9,4,3,4,2,4,3,3,4,4,4,4,4,4,4,3,5,3,5,2,3,3,1,4,5,4,5,5,5,4,2,4,4,4,0,9,9,9,9,9,9,9,9,9,0,9,5,5,5,5,2,2,4,5,5,4,2,1,1,1,2.0,9,6,0,2,1.0,1
724,5,4,4,5,4,5,3,3,3,3,3,3,2,4,1,0,9,0,9,1,3,3,5,4,3,3,4,4,3,4,4,2,3,4,5,4,3,1,1,3,1,5,3,4,3,5,4,4,4,2,3,4,0,9,9,9,9,9,9,9,9,2,1,6,5,4,4,3,2,2,3,5,2,3,1,3,2,1,4.0,1,2,1,3,4.0,1
725,2,4,4,4,4,3,2,2,4,5,3,3,3,3,3,0,9,0,9,3,3,4,3,5,4,2,4,4,4,4,5,5,5,4,5,3,3,4,4,4,1,5,4,4,5,5,5,4,5,4,3,4,0,9,9,9,9,9,9,9,9,2,0,9,4,4,4,4,4,4,5,5,3,3,2,1,1,0,4.0,1,1,1,3,3.0,1
726,4,4,4,5,5,3,2,2,4,3,2,1,3,2,2,0,9,1,2,4,3,2,3,2,2,2,3,3,4,3,4,2,1,4,4,4,4,3,3,4,0,9,9,9,9,9,9,9,9,9,9,9,9,1,1,3,3,3,3,3,0,2,1,5,4,4,4,2,2,1,2,4,3,3,1,1,1,2,3.0,1,1,1,3,4.0,1
727,3,4,4,3,3,2,2,3,4,4,3,3,3,3,4,0,9,0,9,2,3,4,4,4,3,2,4,3,4,4,4,4,4,4,5,3,3,3,3,3,0,9,9,9,9,9,9,9,9,9,9,9,9,0,0,0,0,0,0,0,6,10,0,9,5,4,4,4,3,3,3,4,3,3,3,3,3,1,4.0,1,1,1,3,6.0,1
728,4,5,5,3,3,1,5,4,5,5,4,4,1,1,1,0,9,0,9,5,2,5,4,4,2,2,3,5,5,5,5,5,5,5,5,5,5,5,5,5,1,5,5,5,5,5,5,5,5,5,5,2,0,9,9,9,9,9,9,9,9,3,0,9,4,5,5,4,5,5,5,5,5,5,5,1,3,2,4.0,1,1,1,1,3.0,1
729,2,4,5,4,2,1,4,3,4,4,5,5,1,4,3,1,1,0,9,2,2,4,3,3,2,3,3,2,4,3,5,5,4,3,4,2,4,3,4,2,1,5,2,4,5,5,5,5,5,5,5,5,0,9,9,9,9,9,9,9,9,10,1,0,3,5,5,5,3,2,5,3,5,2,1,2,2,2,6.0,1,2,1,3,5.0,1
730,3,5,5,4,4,2,4,3,4,4,3,3,3,3,3,0,9,0,9,2,3,4,2,4,4,2,2,4,4,4,4,5,4,4,5,4,4,2,4,4,1,4,3,4,5,4,4,3,2,4,3,4,0,9,9,9,9,9,9,9,9,1,1,2,4,5,4,4,5,4,5,5,4,3,1,2,1,1,3.0,1,1,1,5,6.0,1
731,5,4,4,3,3,3,3,4,4,4,2,4,2,4,1,1,1,0,9,4,4,4,2,4,1,1,3,3,4,4,4,4,4,4,4,4,4,4,4,4,1,5,4,3,5,5,5,4,5,5,4,5,0,9,9,9,9,9,9,9,9,1,2,0,4,4,5,4,5,3,4,5,5,4,3,2,1,1,4.0,1,2,2,1,6.0,1
732,4,4,4,5,5,5,1,4,5,5,1,1,1,1,4,0,9,0,9,2,4,4,5,4,4,2,3,4,2,4,5,5,1,5,5,5,4,2,1,4,1,5,4,5,5,4,4,1,1,1,1,5,0,9,9,9,9,9,9,9,9,9,0,9,4,5,4,3,2,1,4,4,3,2,1,2,1,1,3.0,1,2,1,1,2.0,1
733,4,5,4,5,4,2,3,4,5,4,3,5,4,4,1,0,9,0,9,3,3,4,4,4,2,3,4,3,4,4,4,2,4,4,5,4,3,2,4,4,0,9,9,9,9,9,9,9,9,9,9,9,9,3,5,2,2,2,2,3,7,3,0,9,4,5,4,3,3,3,2,4,2,3,1,2,2,1,4.0,1,2,1,3,1.0,1
734,4,4,4,3,4,2,4,3,4,4,3,3,3,3,4,0,9,0,9,4,3,4,2,3,4,2,3,3,4,4,4,3,4,3,5,2,3,3,4,5,1,5,4,3,5,5,5,4,4,4,4,4,0,9,9,9,9,9,9,9,9,1,1,2,4,4,5,5,3,3,3,5,3,3,3,2,1,1,2.0,1,2,1,2,4.0,1
735,5,5,4,4,3,2,2,4,4,4,2,2,2,2,4,0,9,0,9,3,4,4,4,4,4,2,4,3,4,3,3,2,2,3,4,1,3,3,4,4,1,5,4,2,5,5,5,4,5,5,5,5,0,9,9,9,9,9,9,9,9,2,0,9,5,4,4,5,4,4,3,5,3,4,3,1,1,1,6.0,1,1,1,2,3.0,1
736,4,5,4,4,4,3,1,4,4,4,3,3,3,3,3,0,9,0,9,2,4,4,3,4,2,3,3,3,4,4,5,3,5,3,5,4,4,1,3,4,1,4,4,4,5,3,4,4,3,3,3,3,0,9,9,9,9,9,9,9,9,9,0,9,5,3,5,5,4,4,4,5,1,4,1,2,1,1,1.0,1,2,1,1,1.0,1
737,4,5,5,4,2,3,3,5,4,5,2,2,2,5,3,0,9,0,9,1,4,2,4,5,5,5,5,4,5,2,2,1,5,1,5,2,1,2,1,4,1,5,3,4,5,5,5,5,4,4,4,2,0,9,9,9,9,9,9,9,9,10,1,3,4,2,4,4,4,3,5,5,4,4,3,1,2,1,4.0,1,1,2,4,7.0,1
738,5,4,4,5,5,4,1,1,4,3,1,1,1,1,5,0,9,0,9,2,0,3,2,3,5,2,3,3,2,3,3,1,2,4,4,3,4,2,3,4,0,9,9,9,9,9,9,9,9,9,9,9,9,1,1,3,3,3,1,1,0,9,1,1,5,5,4,4,2,1,3,4,1,2,1,3,2,1,2.0,1,2,1,2,1.0,1
739,3,4,4,4,4,3,3,2,4,4,1,1,1,3,4,0,9,0,9,4,4,5,4,4,3,3,3,4,4,4,4,4,4,4,5,4,4,2,4,4,1,5,4,4,5,5,5,4,5,4,4,4,0,9,9,9,9,9,9,9,9,3,0,9,5,5,5,4,4,4,4,5,3,4,3,1,1,1,4.0,2,2,1,3,6.0,1
740,4,5,5,5,5,1,4,4,4,5,1,1,1,1,5,0,9,1,2,4,4,4,4,5,2,4,4,2,1,2,2,2,3,2,2,3,4,1,4,5,1,5,4,2,4,4,4,4,4,4,4,1,0,9,9,9,9,9,9,9,9,1,0,9,5,1,4,5,5,5,2,5,5,5,2,1,2,1,5.0,1,1,1,3,1.0,1
741,4,5,4,4,5,2,5,3,4,4,3,4,3,4,3,0,9,0,9,2,3,4,4,4,4,2,4,3,4,4,2,1,3,4,4,3,4,4,4,4,1,4,4,3,5,4,4,3,3,3,4,4,0,9,9,9,9,9,9,9,9,9,0,9,4,4,4,3,3,3,4,4,3,3,2,1,1,1,3.0,1,2,1,5,6.0,1
742,2,4,3,1,2,2,4,5,5,4,3,3,3,5,2,0,9,0,9,2,4,4,4,3,2,2,5,4,3,4,4,4,4,4,4,4,3,4,2,3,1,4,3,2,4,2,3,2,2,4,2,2,0,9,9,9,9,9,9,9,9,2,0,9,4,5,4,3,1,3,3,4,2,4,2,2,2,1,2.0,1,2,1,2,6.0,1
743,4,4,3,2,3,3,2,2,5,4,2,2,4,3,2,0,9,0,9,4,4,3,4,4,4,2,4,3,2,3,3,2,3,3,4,2,3,3,3,3,1,5,3,4,5,4,4,4,5,4,2,3,0,9,9,9,9,9,9,9,9,1,0,9,5,5,4,4,4,3,3,5,5,3,2,1,2,1,5.0,13,2,1,3,6.0,1
744,2,5,5,4,4,3,2,3,3,5,4,4,4,4,2,0,9,0,9,4,3,4,4,4,4,3,5,2,3,3,4,2,4,4,5,5,5,5,5,5,1,5,3,3,5,4,4,4,5,5,5,3,0,9,9,9,9,9,9,9,9,9,0,9,4,4,4,4,4,2,4,4,4,4,2,3,2,2,4.0,1,2,2,5,7.0,1
745,4,5,4,3,4,3,4,4,3,3,2,2,2,2,3,0,9,0,9,4,4,4,2,4,4,3,4,4,4,5,3,2,3,4,4,4,4,4,2,4,0,9,9,9,9,9,9,9,9,9,9,9,9,2,2,2,4,1,2,1,0,2,1,5,4,5,4,3,2,4,4,4,3,4,2,2,1,1,4.0,1,2,1,2,4.0,1
746,4,4,5,3,4,4,1,2,5,2,2,2,2,2,4,0,9,0,9,4,2,4,2,4,2,2,3,2,4,4,3,3,2,3,5,2,3,4,3,3,1,5,4,4,5,5,5,5,4,4,4,3,0,1,3,2,2,1,3,3,0,9,1,0,4,4,4,4,4,3,4,5,3,3,2,3,3,1,2.0,1,1,1,2,6.0,1
747,3,5,5,4,3,2,3,4,1,1,1,1,1,1,5,0,9,0,9,5,3,4,2,5,2,4,4,3,4,4,4,4,5,5,5,3,2,3,4,4,1,5,5,5,5,4,3,3,3,3,4,3,0,9,9,9,9,9,9,9,9,1,1,0,3,3,4,3,3,4,4,4,4,4,2,3,1,1,3.0,1,1,1,2,7.0,1
748,3,5,4,1,3,4,1,4,3,5,2,2,2,2,4,0,9,0,9,4,5,5,2,4,2,4,2,4,2,5,4,4,2,4,2,2,3,4,4,4,1,5,2,1,5,4,4,2,2,3,2,3,0,9,9,9,9,9,9,9,9,9,1,8,4,2,4,2,3,2,4,4,2,2,1,0,2,1,2.0,1,2,1,2,7.0,1
749,3,5,4,4,3,1,2,5,5,4,4,4,4,4,1,0,9,0,9,5,5,5,1,1,1,1,3,5,5,5,5,5,5,5,5,5,5,5,5,5,0,9,9,9,9,9,9,9,9,9,9,9,9,1,1,4,4,2,2,1,4,2,0,9,4,5,5,5,5,4,4,3,4,3,3,2,2,1,2.0,1,2,1,1,7.0,1
750,3,4,5,1,3,2,4,5,3,0,5,5,3,3,1,0,9,2,0,2,4,4,2,2,2,2,3,1,2,4,4,4,2,4,4,4,4,2,4,2,0,9,9,9,9,9,9,9,9,9,9,9,9,5,0,4,4,0,0,0,0,3,0,9,4,2,4,2,2,4,4,5,1,3,4,1,1,1,2.0,2,2,2,2,3.0,1
751,4,5,4,3,4,2,2,4,5,5,2,2,2,2,5,1,1,0,9,4,4,5,2,4,1,1,3,4,4,4,5,3,4,4,5,3,4,4,3,4,1,5,4,4,4,4,5,4,4,4,4,3,0,9,9,9,9,9,9,9,9,4,1,0,4,5,4,4,3,2,5,4,4,4,3,2,1,1,1.0,9,6,0,1,4.0,1
752,1,4,4,4,4,4,3,3,5,4,3,3,3,4,3,1,2,0,9,2,3,4,3,2,2,1,4,2,2,2,3,4,3,3,3,4,4,2,2,3,1,4,4,3,4,4,4,4,2,4,3,4,0,9,9,9,9,9,9,9,9,2,0,9,3,3,3,3,4,3,4,4,3,3,3,2,1,0,4.0,1,1,1,3,2.0,1
753,2,4,4,1,3,4,2,2,2,3,2,2,2,4,3,0,9,0,9,4,4,4,4,5,5,3,4,4,4,4,5,3,3,5,5,5,3,4,4,4,1,5,1,1,5,5,5,5,5,3,5,3,0,9,9,9,9,9,9,9,9,9,0,9,4,4,4,3,2,3,4,4,4,4,4,3,0,2,4.0,1,2,0,4,7.0,1
754,5,4,4,4,2,2,1,3,5,4,4,4,3,3,1,0,9,0,9,2,3,3,5,3,4,3,5,4,5,3,3,3,3,5,5,4,3,4,4,4,0,9,9,9,9,9,9,9,9,9,9,9,9,1,3,3,4,1,3,1,0,1,0,9,5,5,5,5,3,4,5,5,5,5,3,1,1,1,3.0,1,2,1,2,4.0,1
755,4,5,4,3,3,2,4,4,5,5,2,4,2,3,3,1,1,1,4,4,3,5,3,5,1,1,4,4,3,3,4,4,4,4,5,4,4,4,4,4,1,5,4,3,5,5,5,5,5,5,3,5,0,9,9,9,9,9,9,9,9,1,1,5,5,5,5,5,5,4,5,5,5,4,5,1,1,2,2.0,1,1,2,1,1.0,1
756,2,5,4,4,4,1,2,3,4,4,3,3,3,3,3,1,1,0,9,4,3,4,2,4,2,2,2,4,4,4,4,3,3,4,5,4,4,4,4,4,1,4,4,3,4,3,4,3,3,3,3,3,0,9,9,9,9,9,9,9,9,1,1,6,4,4,4,4,4,3,3,3,3,4,2,3,2,2,2.0,1,2,2,2,7.0,1
757,3,4,4,2,1,2,3,4,4,3,3,3,3,3,4,0,9,0,9,2,4,4,4,4,3,3,4,2,3,4,4,2,4,2,4,4,3,2,2,3,1,5,4,4,5,4,4,4,4,4,3,3,0,9,9,9,9,9,9,9,9,9,0,9,4,4,4,4,4,3,4,4,3,4,3,1,2,1,4.0,11,1,2,5,5.0,1
758,4,5,5,5,5,5,4,5,4,3,3,3,3,3,5,0,9,0,9,5,2,5,4,5,5,3,3,4,4,4,4,2,3,4,4,4,4,4,4,4,1,5,3,2,5,5,5,5,4,5,5,5,0,9,9,9,9,9,9,9,9,2,1,0,5,3,3,3,5,4,4,4,5,5,4,1,2,2,3.0,15,7,2,2,6.0,1
759,2,4,4,3,4,2,4,2,4,4,2,2,4,4,2,1,1,0,9,4,4,4,4,3,4,2,4,3,3,4,4,4,4,4,4,4,4,4,4,4,0,9,9,9,9,9,9,9,9,9,9,9,9,2,2,4,4,2,2,2,0,2,0,9,4,4,4,4,3,4,4,5,4,4,3,3,1,1,4.0,1,1,1,3,6.0,1
760,4,4,4,5,5,1,4,5,5,5,5,3,3,4,1,1,1,0,9,4,5,5,5,5,1,1,4,4,5,4,4,4,5,5,5,5,5,5,5,5,0,9,9,9,9,9,9,9,9,9,9,9,9,4,1,1,4,4,1,1,4,1,0,9,5,4,5,5,5,4,5,5,4,5,4,1,1,1,3.0,2,2,1,2,4.0,1
761,3,4,4,4,4,4,1,5,4,4,4,4,4,4,2,0,9,0,9,2,4,3,5,4,3,3,3,3,4,3,2,3,4,4,4,3,3,2,2,4,1,4,3,2,3,4,4,2,2,4,2,4,0,9,9,9,9,9,9,9,9,9,0,9,4,4,4,4,3,3,4,4,3,4,2,3,1,1,3.0,1,1,2,2,3.0,1
762,5,5,5,5,5,3,4,4,5,3,3,5,5,5,0,0,9,0,9,4,4,4,3,5,4,5,5,5,4,5,5,4,5,4,3,4,4,5,4,4,0,9,9,9,9,9,9,9,9,9,9,9,9,1,4,5,5,2,3,1,0,2,0,9,5,5,4,4,4,5,5,5,4,4,5,1,0,1,3.0,8,3,1,2,4.0,1
763,2,4,5,4,4,4,1,4,5,4,1,1,1,1,5,1,1,0,9,4,3,4,4,4,4,2,4,4,4,4,4,4,4,3,4,4,4,2,2,4,1,4,3,2,4,4,4,4,4,4,3,3,0,9,9,9,9,9,9,9,9,2,0,9,4,2,4,4,4,4,4,4,2,4,2,1,1,1,3.0,1,2,1,5,6.0,1
764,4,5,5,5,5,2,2,4,4,4,3,3,4,4,3,1,1,0,9,2,3,4,4,4,2,2,4,3,5,4,4,4,4,3,5,4,4,2,2,4,1,4,4,4,5,5,5,5,4,4,4,5,0,9,9,9,9,9,9,9,9,2,0,9,4,4,4,4,3,3,4,5,4,5,2,1,1,1,4.0,1,2,2,3,6.0,1
765,3,4,4,4,4,2,5,3,5,4,3,4,3,3,3,0,9,0,9,1,3,3,5,3,3,3,5,2,4,4,3,2,4,2,5,2,2,2,1,3,1,4,4,3,4,4,4,4,3,3,4,4,0,9,9,9,9,9,9,9,9,1,0,9,4,4,4,4,3,3,4,4,4,4,3,2,1,2,3.0,1,1,1,5,4.0,1
766,3,4,4,4,5,4,1,3,5,4,3,3,4,4,1,0,9,0,9,2,4,2,4,3,4,2,3,4,4,4,4,4,4,4,5,4,4,2,4,4,1,4,2,2,4,5,4,4,2,3,3,3,0,9,9,9,9,9,9,9,9,10,0,9,3,4,4,4,3,2,5,4,4,4,5,1,2,2,3.0,1,2,1,5,2.0,1
767,4,4,3,3,4,4,3,3,2,3,4,4,4,3,4,0,9,0,9,4,4,3,4,4,4,3,4,4,4,3,3,3,3,4,3,3,3,2,3,4,1,5,5,5,5,5,4,4,4,5,5,4,0,9,9,9,9,9,9,9,9,2,1,0,4,5,5,5,4,4,4,4,5,4,4,3,2,1,3.0,1,7,1,1,6.0,1
768,3,5,4,2,5,3,1,1,4,4,1,1,3,3,4,1,1,0,9,4,4,5,4,2,2,3,2,2,5,4,4,3,5,4,3,4,4,4,4,3,1,5,3,4,5,5,5,4,2,4,3,3,0,9,9,9,9,9,9,9,9,1,0,9,5,5,4,5,5,4,4,5,2,3,1,1,1,1,5.0,1,2,2,4,3.0,1
769,4,5,4,4,1,3,1,4,4,3,3,3,3,5,2,0,9,0,9,2,5,4,2,3,3,2,4,4,5,4,4,3,2,4,4,4,4,2,2,4,0,9,9,9,9,9,9,9,9,9,9,9,9,5,1,4,4,4,1,1,0,1,0,9,5,4,4,4,4,4,5,4,1,2,1,2,1,1,5.0,1,1,1,3,4.0,1
770,3,4,3,2,3,4,3,2,4,4,2,2,2,1,4,0,9,0,9,4,5,4,5,4,1,2,5,2,3,4,3,3,4,3,3,2,3,4,4,4,0,9,9,9,9,9,9,9,9,9,9,9,9,1,1,4,4,1,1,1,0,2,0,9,3,4,4,5,4,3,5,5,4,3,3,3,2,1,3.0,1,2,1,3,6.0,1
771,4,5,5,5,5,1,4,5,5,5,3,4,4,5,1,0,9,1,0,2,3,5,2,4,3,2,4,3,5,4,4,5,5,3,5,3,4,4,4,4,1,5,5,4,5,5,5,5,3,5,3,5,0,9,9,9,9,9,9,9,9,2,0,9,5,4,5,5,4,3,5,5,3,4,1,2,1,1,4.0,1,2,0,5,6.0,1
772,4,5,5,5,5,2,2,3,4,4,2,2,2,1,4,1,1,0,9,4,2,5,4,5,4,1,5,2,4,4,5,2,4,5,5,4,4,4,4,4,1,5,3,3,5,5,5,5,4,4,5,3,0,9,9,9,9,9,9,9,9,1,1,0,4,4,5,5,4,4,5,5,5,5,4,2,0,2,4.0,11,1,2,2,4.0,1
773,4,5,4,3,3,2,2,2,2,4,3,3,2,2,3,0,9,0,9,4,4,4,3,4,3,2,4,3,4,3,3,5,3,2,4,1,3,3,3,4,1,5,3,5,5,5,5,5,3,5,5,3,0,9,9,9,9,9,9,9,9,2,1,5,5,4,4,4,3,4,4,5,4,4,3,2,1,1,1.0,5,2,1,1,4.0,1
774,3,4,3,3,2,2,3,5,5,4,4,4,3,3,2,0,9,0,9,2,4,3,4,4,3,3,4,3,4,3,3,2,4,4,5,4,3,4,4,3,0,9,9,9,9,9,9,9,9,9,9,9,9,5,0,0,5,0,0,0,5,10,0,9,4,4,4,4,3,4,3,4,4,3,1,2,2,1,7.0,9,4,1,4,4.0,1
775,4,4,4,3,4,2,2,5,5,5,5,3,3,0,2,0,9,0,9,5,4,4,4,4,3,2,5,5,5,5,5,5,2,5,3,5,5,5,5,5,1,5,5,5,5,5,5,5,4,5,3,5,0,9,9,9,9,9,9,9,9,1,1,0,5,5,5,3,5,5,5,5,5,0,2,3,1,2,4.0,5,2,2,2,5.0,1
776,4,5,4,3,4,3,2,5,4,3,4,4,4,5,2,0,9,0,9,4,4,5,3,5,4,4,4,4,5,4,4,3,3,4,4,3,3,4,4,3,0,9,9,9,9,9,9,9,9,9,9,9,9,2,2,4,4,2,2,2,8,1,0,9,4,5,4,5,3,4,4,4,4,4,3,2,0,1,4.0,1,2,1,3,7.0,1
777,3,4,4,4,3,3,5,4,5,4,3,3,3,4,2,0,9,0,9,4,5,3,3,4,3,3,4,2,4,4,4,5,5,3,4,4,4,5,3,4,0,9,9,9,9,9,9,9,9,9,9,9,9,2,2,2,4,1,3,1,0,2,1,0,4,5,5,5,5,4,5,5,5,5,3,3,1,1,2.0,1,1,1,1,6.0,1
778,2,5,4,4,3,4,1,5,4,5,4,4,3,4,1,0,9,0,9,4,2,5,5,5,2,3,5,2,4,4,4,2,4,4,4,4,4,5,4,5,1,5,1,5,5,5,4,4,4,5,4,1,0,9,9,9,9,9,9,9,9,1,0,9,4,2,5,4,4,1,5,4,3,3,1,1,2,1,3.0,1,1,1,5,7.0,1
779,3,5,5,4,4,2,2,3,4,5,3,3,3,4,1,0,9,0,9,4,2,5,3,4,2,3,4,4,4,4,4,5,4,5,5,4,4,3,4,5,1,5,4,5,5,5,5,5,5,5,5,5,0,9,9,2,2,1,9,9,0,3,1,3,4,5,5,5,4,4,5,5,5,4,4,1,1,1,3.0,1,2,1,5,3.0,1
780,2,4,4,1,1,5,1,3,4,3,2,2,5,5,1,0,9,1,6,4,4,5,4,5,2,5,5,2,4,4,4,2,4,4,5,5,5,5,5,3,0,9,9,9,9,9,9,9,9,9,9,9,9,2,2,4,5,1,1,1,0,2,1,7,5,2,4,5,5,4,4,5,3,4,3,2,1,1,5.0,1,1,2,3,7.0,1
781,3,4,4,2,3,4,2,3,4,4,3,3,3,4,3,0,9,0,9,4,5,4,5,3,3,2,5,2,4,3,2,4,5,3,4,3,3,3,3,3,0,9,9,9,9,9,9,9,9,9,9,9,9,2,2,4,4,3,3,2,0,9,0,9,5,5,5,3,3,4,3,4,4,4,3,3,2,1,1.0,1,2,1,1,7.0,1
782,4,5,5,5,5,2,1,5,5,4,3,3,3,3,4,0,9,0,9,4,2,4,2,3,2,2,4,4,4,4,4,2,4,4,5,4,4,4,4,4,1,5,5,2,5,2,5,5,3,4,3,5,0,9,9,9,9,9,9,9,9,3,1,5,4,5,4,4,1,4,4,4,4,3,5,2,1,1,4.0,1,0,2,5,3.0,1
783,1,5,4,4,4,1,3,4,4,4,3,3,4,4,3,0,9,0,9,2,3,4,4,4,4,3,4,2,5,4,3,2,3,3,5,3,3,2,2,4,1,4,3,5,4,4,4,4,3,4,3,3,0,9,9,9,9,9,9,9,9,11,0,9,3,4,5,5,4,3,4,3,3,4,3,2,3,1,4.0,1,1,2,5,4.0,1
784,3,4,4,4,4,3,4,4,3,4,4,4,3,3,3,0,9,0,9,3,2,4,4,3,3,2,4,3,4,4,4,4,3,4,4,2,4,3,4,4,1,4,4,2,4,4,4,4,4,4,4,4,0,9,9,9,9,9,9,9,9,3,0,9,4,4,4,4,3,3,4,4,4,3,3,3,1,1,5.0,1,1,1,3,3.0,1
785,4,4,5,4,4,2,1,3,5,5,4,4,4,5,1,0,9,1,6,5,5,4,2,5,2,1,5,3,5,5,5,4,3,4,4,2,3,4,4,5,1,5,4,4,5,4,4,4,4,4,4,4,0,9,9,9,9,9,9,9,9,2,0,9,4,4,4,4,3,3,5,5,3,3,3,2,1,1,3.0,1,2,1,5,6.0,1
786,3,4,4,4,4,2,4,4,5,4,5,4,3,3,3,0,9,0,9,2,4,4,4,4,2,2,4,3,3,4,4,4,4,3,4,2,3,2,4,4,0,9,9,9,9,9,9,9,9,9,9,9,9,2,3,3,3,2,3,3,8,6,1,2,3,5,4,4,5,4,4,5,3,4,2,2,3,1,4.0,1,1,1,2,6.0,1
787,1,5,4,4,5,3,1,4,2,5,1,1,3,1,5,0,9,0,9,0,5,4,4,5,3,4,5,5,4,4,4,3,4,4,5,2,4,5,5,4,0,9,9,9,9,9,9,9,9,9,9,9,9,5,3,5,5,1,4,3,4,0,0,9,0,0,0,0,0,0,0,0,0,0,0,3,3,1,6.0,1,1,1,3,7.0,1
788,3,5,4,4,4,2,4,4,4,4,4,4,3,3,2,1,1,0,9,3,4,4,2,3,2,3,3,2,3,4,3,3,4,4,5,3,5,5,4,4,0,9,9,9,9,9,9,9,9,9,9,9,9,3,2,2,4,3,3,2,0,9,1,5,4,4,4,4,4,2,4,4,4,3,3,1,1,1,6.0,1,3,1,3,6.0,1
789,3,5,4,4,4,3,4,3,5,5,4,4,4,3,3,0,9,0,9,3,3,4,3,4,3,3,4,4,4,4,4,3,4,4,4,3,4,4,4,4,1,5,4,3,4,4,4,4,4,4,4,4,0,9,9,9,9,9,9,9,9,1,1,0,4,4,4,4,3,4,4,4,4,4,3,1,1,1,5.0,1,1,1,2,3.0,1
790,2,3,4,3,4,4,3,3,4,3,3,3,3,3,4,0,9,0,9,2,2,3,4,3,3,3,4,3,3,4,4,4,4,3,5,3,3,3,3,2,1,4,4,4,4,4,4,4,4,4,4,2,0,9,9,9,9,9,9,9,9,2,0,9,4,4,4,4,4,4,4,4,3,4,3,2,3,1,3.0,0,2,2,2,6.0,1
791,3,5,4,5,5,2,4,3,5,5,2,2,2,3,4,0,9,0,9,1,4,4,4,4,3,2,4,2,3,4,4,5,3,4,3,4,3,2,3,4,1,4,2,4,4,4,3,3,4,2,4,2,0,9,9,9,9,9,9,9,9,3,0,9,4,4,4,5,4,3,5,5,3,3,3,1,1,1,4.0,1,1,1,5,3.0,1
792,3,4,4,3,4,2,4,4,4,4,2,2,2,2,4,0,9,0,9,4,4,4,3,4,4,3,4,2,3,4,4,5,4,4,4,2,3,3,3,4,1,4,4,4,4,4,4,4,4,4,4,3,0,9,9,9,9,9,9,9,9,3,0,9,5,4,4,4,4,3,4,4,4,4,3,1,1,2,2.0,9,1,2,2,3.0,1
793,5,4,3,4,4,5,1,3,5,3,3,3,3,4,4,0,9,0,9,3,3,4,4,4,2,5,3,3,3,4,4,3,3,4,1,3,4,3,4,4,0,9,9,9,9,9,9,9,9,9,9,9,9,1,3,5,1,3,5,3,0,6,1,5,5,1,5,5,1,4,5,5,5,5,5,2,1,1,5.0,11,3,2,2,2.0,1
794,3,5,5,3,5,2,1,4,4,3,1,1,1,1,5,0,9,0,9,2,2,5,1,2,2,2,5,4,3,3,3,4,4,4,4,4,4,3,3,4,0,9,9,9,9,9,9,9,9,9,9,9,9,1,0,1,4,1,1,1,4,2,1,5,4,4,5,5,4,2,5,4,4,3,1,2,1,2,4.0,3,1,1,1,1.0,1
795,4,4,5,4,5,2,2,4,3,4,3,3,3,3,3,0,9,0,9,4,3,4,2,4,3,3,4,4,5,4,3,4,3,3,4,3,3,3,2,4,1,4,4,3,5,4,4,4,3,3,3,4,0,9,9,9,9,9,9,9,9,3,0,9,4,5,3,4,3,3,3,4,3,5,2,3,1,1,2.0,1,2,2,2,2.0,1
796,3,4,5,4,4,4,4,3,4,5,3,3,4,4,2,0,9,0,9,4,4,5,2,3,4,3,4,4,5,4,4,3,4,4,5,4,4,5,4,5,1,5,4,4,5,4,5,5,4,5,4,3,0,9,9,9,9,9,9,9,9,9,0,9,4,4,4,5,3,4,4,5,4,4,3,1,2,1,1.0,1,2,1,1,7.0,1
797,2,5,4,5,4,4,1,4,4,5,1,1,3,3,5,0,9,0,9,5,2,5,1,4,3,1,4,4,5,5,5,5,5,5,5,4,5,4,4,5,1,5,4,4,5,3,5,5,5,5,5,5,0,9,9,9,9,9,9,9,9,3,1,1,4,4,4,5,4,5,5,5,5,4,4,1,1,2,4.0,1,2,1,3,3.0,1
798,4,4,4,5,5,2,1,2,5,4,3,3,3,3,3,1,1,0,9,4,2,3,4,4,3,1,3,3,4,3,4,3,3,4,4,3,3,3,3,4,1,5,4,3,4,4,4,5,5,4,5,5,0,9,9,9,9,9,9,9,9,2,0,9,4,5,4,4,2,4,3,4,3,4,3,1,1,1,1.0,1,1,1,1,1.0,1
799,4,5,5,4,4,4,1,4,3,4,1,1,1,1,4,1,1,0,9,4,5,4,2,4,2,2,5,2,5,4,4,1,4,4,4,4,4,4,4,4,1,3,3,3,3,3,4,4,4,4,4,0,0,9,9,9,9,9,9,9,9,11,0,9,5,5,3,5,5,3,5,5,2,4,3,1,1,1,4.0,1,2,1,2,3.0,1
800,3,5,5,4,2,3,2,4,3,5,3,3,5,5,3,0,9,0,9,4,3,5,3,4,4,2,4,4,4,4,3,3,4,5,5,5,5,5,5,5,1,5,2,2,5,5,5,5,3,5,4,3,2,9,9,9,9,9,9,9,9,9,1,3,4,5,5,5,5,2,5,4,5,4,3,3,1,2,1.0,1,2,1,1,7.0,1
801,5,4,5,3,5,4,1,1,3,3,4,4,3,3,2,0,9,0,9,4,2,5,4,3,3,3,3,3,3,4,4,2,4,4,4,3,3,3,4,4,1,5,5,4,4,5,5,3,2,3,3,3,0,9,9,9,9,9,9,9,9,3,0,9,5,2,4,4,4,3,3,4,3,3,3,3,0,1,1.0,1,2,1,1,0.0,1
802,2,4,4,2,4,3,1,3,3,4,3,1,1,1,4,0,9,0,9,1,4,4,5,5,0,1,5,3,1,4,3,1,2,4,5,1,3,2,3,1,0,9,9,9,9,9,9,9,9,9,9,9,9,3,3,5,4,3,3,1,0,11,1,7,3,4,5,5,4,2,4,4,5,3,1,2,3,2,4.0,1,1,2,3,9.0,2
803,3,5,4,4,4,3,2,3,5,5,2,2,4,3,2,2,2,2,0,4,4,4,2,4,2,2,2,4,4,4,4,3,4,4,5,3,4,4,5,4,0,9,9,9,9,9,9,9,9,9,9,9,9,2,2,4,4,2,2,2,0,2,0,9,3,4,5,5,4,3,4,5,5,4,5,1,2,2,3.0,1,1,1,2,1.0,1
804,5,5,5,3,4,4,5,2,5,5,4,5,3,4,1,2,2,2,0,3,2,4,2,3,4,2,4,4,3,4,4,3,4,4,4,4,4,4,4,4,1,5,3,3,5,5,5,5,5,5,5,5,0,9,9,9,9,9,9,9,9,1,1,5,4,3,4,4,3,3,5,5,5,4,1,3,1,2,3.0,1,1,1,5,6.0,1
